FLIGHT_ID,SEQ,FIR_ID,ENTRY,EXIT
264867988,0,TAXI_OUT,01.09.2023 00:10,01.09.2023 00:20
264867988,1,KZLAFIR,01.09.2023 00:20,01.09.2023 00:29
264867988,2,KZLAUIR,01.09.2023 00:29,01.09.2023 01:06
264867988,3,KZLCUIR,01.09.2023 01:06,01.09.2023 02:14
264867988,4,KZDVUIR,01.09.2023 02:14,01.09.2023 02:14
264867988,5,KZLCUIR,01.09.2023 02:14,01.09.2023 02:33
264867988,6,KZMPUIR,01.09.2023 02:33,01.09.2023 02:53
264867988,7,CZWGFIR,01.09.2023 02:53,01.09.2023 04:42
264867988,8,CZULFIR,01.09.2023 04:42,01.09.2023 05:51
264867988,9,CZQXFIR,01.09.2023 05:51,01.09.2023 06:15
264867988,10,BGGLFIR,01.09.2023 06:15,01.09.2023 07:22
264867988,11,BIRDFIR,01.09.2023 07:22,01.09.2023 08:35
264867988,12,EGGXFIR,01.09.2023 08:35,01.09.2023 08:57
264867988,13,EGPXUIR,01.09.2023 08:57,01.09.2023 09:30
264867988,14,EGTTUIR,01.09.2023 09:30,01.09.2023 10:13
264867988,15,LFFFUIR,01.09.2023 10:13,01.09.2023 10:19
264867988,16,LFFFFIR,01.09.2023 10:19,01.09.2023 10:40
264867988,17,TAXI_IN,01.09.2023 10:40,01.09.2023 10:50
264867989,0,TAXI_OUT,31.08.2023 23:34,01.09.2023 00:28
264867989,1,KZNYFIR,01.09.2023 00:28,01.09.2023 00:32
264867989,2,KZBWFIR,01.09.2023 00:32,01.09.2023 00:38
264867989,3,KZBWUIR,01.09.2023 00:38,01.09.2023 01:09
264867989,4,CZQMFIR,01.09.2023 01:09,01.09.2023 01:58
264867989,5,CZQXFIR,01.09.2023 01:58,01.09.2023 03:58
264867989,6,EGGXFIR,01.09.2023 03:58,01.09.2023 05:40
264867989,7,EGTTUIR,01.09.2023 05:40,01.09.2023 05:50
264867989,8,LFFFUIR,01.09.2023 05:50,01.09.2023 06:51
264867989,9,EDUUUIR,01.09.2023 06:51,01.09.2023 06:52
264867989,10,LSASUIR,01.09.2023 06:52,01.09.2023 07:03
264867989,11,LSASFIR,01.09.2023 07:03,01.09.2023 07:05
264867989,12,LIMMFIR,01.09.2023 07:05,01.09.2023 07:24
264867989,13,TAXI_IN,01.09.2023 07:24,01.09.2023 07:34
264867991,0,TAXI_OUT,31.08.2023 23:53,01.09.2023 00:03
264867991,1,KZOAFIR,01.09.2023 00:03,01.09.2023 00:36
264867991,2,KZLCUIR,01.09.2023 00:36,01.09.2023 02:02
264867991,3,CZWGFIR,01.09.2023 02:02,01.09.2023 04:02
264867991,4,CZULFIR,01.09.2023 04:02,01.09.2023 05:05
264867991,5,CZQXFIR,01.09.2023 05:05,01.09.2023 05:37
264867991,6,BGGLFIR,01.09.2023 05:37,01.09.2023 06:16
264867991,7,CZQXFIR,01.09.2023 06:16,01.09.2023 06:53
264867991,8,EGGXFIR,01.09.2023 06:53,01.09.2023 08:12
264867991,9,EGPXUIR,01.09.2023 08:12,01.09.2023 08:17
264867991,10,EISNUIR,01.09.2023 08:17,01.09.2023 08:21
264867991,11,EGPXUIR,01.09.2023 08:21,01.09.2023 08:24
264867991,12,EISNUIR,01.09.2023 08:24,01.09.2023 08:34
264867991,13,EGTTUIR,01.09.2023 08:34,01.09.2023 08:44
264867991,14,EGTTFIR,01.09.2023 08:44,01.09.2023 09:01
264867991,15,TAXI_IN,01.09.2023 09:01,01.09.2023 09:11
264867992,0,TAXI_OUT,01.09.2023 01:12,01.09.2023 01:22
264867992,1,MMFRFIR,01.09.2023 01:22,01.09.2023 02:19
264867992,2,KZHUFIR,01.09.2023 02:19,01.09.2023 03:19
264867992,3,KZTLUIR,01.09.2023 03:19,01.09.2023 04:11
264867992,4,KZDCUIR,01.09.2023 04:11,01.09.2023 04:50
264867992,5,KZBWUIR,01.09.2023 04:50,01.09.2023 04:52
264867992,6,KZNYUIR,01.09.2023 04:52,01.09.2023 04:55
264867992,7,KZBWUIR,01.09.2023 04:55,01.09.2023 05:24
264867992,8,CZQMFIR,01.09.2023 05:24,01.09.2023 06:14
264867992,9,CZQXFIR,01.09.2023 06:14,01.09.2023 08:09
264867992,10,EGGXFIR,01.09.2023 08:09,01.09.2023 09:54
264867992,11,EGTTUIR,01.09.2023 09:54,01.09.2023 10:06
264867992,12,LFFFUIR,01.09.2023 10:06,01.09.2023 10:36
264867992,13,LFFFFIR,01.09.2023 10:36,01.09.2023 10:55
264867992,14,TAXI_IN,01.09.2023 10:55,01.09.2023 11:05
264867993,0,TAXI_OUT,01.09.2023 00:24,01.09.2023 00:34
264867993,1,VHHKFIR,01.09.2023 00:34,01.09.2023 00:44
264867993,2,ZGZUFIR,01.09.2023 00:44,01.09.2023 01:36
264867993,3,ZPKMFIR,01.09.2023 01:36,01.09.2023 02:43
264867993,4,ZLHWFIR,01.09.2023 02:43,01.09.2023 04:19
264867993,5,ZWUQFIR,01.09.2023 04:19,01.09.2023 05:47
264867993,6,UAAAFIR,01.09.2023 05:47,01.09.2023 06:28
264867993,7,UAIIFIR,01.09.2023 06:28,01.09.2023 07:21
264867993,8,UTTRFIR,01.09.2023 07:21,01.09.2023 07:59
264867993,9,UTATFIR,01.09.2023 07:59,01.09.2023 08:23
264867993,10,UTAKFIR,01.09.2023 08:23,01.09.2023 08:51
264867993,11,UBBAFIR,01.09.2023 08:51,01.09.2023 09:21
264867993,12,UGGGUIR,01.09.2023 09:21,01.09.2023 09:52
264867993,13,LTAAFIR,01.09.2023 09:52,01.09.2023 10:58
264867993,14,LTBBFIR,01.09.2023 10:58,01.09.2023 11:02
264867993,15,LBSRFIR,01.09.2023 11:02,01.09.2023 11:16
264867993,16,LRBBFIR,01.09.2023 11:16,01.09.2023 11:20
264867993,17,LBSRFIR,01.09.2023 11:20,01.09.2023 11:20
264867993,18,LRBBFIR,01.09.2023 11:20,01.09.2023 12:02
264867993,19,LHCCFIR,01.09.2023 12:02,01.09.2023 12:28
264867993,20,LOVVFIR,01.09.2023 12:28,01.09.2023 12:45
264867993,21,LKAAFIR,01.09.2023 12:45,01.09.2023 12:46
264867993,22,LOVVFIR,01.09.2023 12:46,01.09.2023 12:48
264867993,23,EDUUUIR,01.09.2023 12:48,01.09.2023 13:27
264867993,24,EDVVUIR,01.09.2023 13:27,01.09.2023 13:33
264867993,25,EHAAFIR,01.09.2023 13:33,01.09.2023 13:35
264867993,26,EBURUIR,01.09.2023 13:35,01.09.2023 13:43
264867993,27,EHAAFIR,01.09.2023 13:43,01.09.2023 13:47
264867993,28,EBURUIR,01.09.2023 13:47,01.09.2023 13:48
264867993,29,EHAAFIR,01.09.2023 13:48,01.09.2023 13:54
264867993,30,EGTTUIR,01.09.2023 13:54,01.09.2023 13:58
264867993,31,EGTTFIR,01.09.2023 13:58,01.09.2023 14:23
264867993,32,TAXI_IN,01.09.2023 14:23,01.09.2023 14:33
264867994,0,TAXI_OUT,31.08.2023 23:54,01.09.2023 00:04
264867994,1,GCCCFIR,01.09.2023 00:04,01.09.2023 00:14
264867994,2,GCCCUIRN,01.09.2023 00:14,01.09.2023 00:19
264867994,3,GMMMUIR,01.09.2023 00:19,01.09.2023 00:59
264867994,4,LPPCFIR,01.09.2023 00:59,01.09.2023 01:43
264867994,5,LECMUIR,01.09.2023 01:43,01.09.2023 02:03
264867994,6,EGGXFIR,01.09.2023 02:03,01.09.2023 02:46
264867994,7,EISNUIR,01.09.2023 02:46,01.09.2023 03:10
264867994,8,EGPXUIR,01.09.2023 03:10,01.09.2023 03:14
264867994,9,EGPXFIR,01.09.2023 03:14,01.09.2023 03:15
264867994,10,EGTTFIR,01.09.2023 03:15,01.09.2023 03:19
264867994,11,EGPXFIR,01.09.2023 03:19,01.09.2023 03:33
264867994,12,TAXI_IN,01.09.2023 03:33,01.09.2023 03:43
264867995,0,TAXI_OUT,01.09.2023 00:23,01.09.2023 00:23
264867995,1,CZQMFIR,01.09.2023 00:23,01.09.2023 00:53
264867995,2,CZQXFIR,01.09.2023 00:53,01.09.2023 02:56
264867995,3,EGGXFIR,01.09.2023 02:56,01.09.2023 04:08
264867995,4,EISNUIR,01.09.2023 04:08,01.09.2023 04:38
264867995,5,EGTTUIR,01.09.2023 04:38,01.09.2023 05:21
264867995,6,EBURUIR,01.09.2023 05:21,01.09.2023 05:41
264867995,7,EDVVUIR,01.09.2023 05:41,01.09.2023 05:41
264867995,8,EDUUUIR,01.09.2023 05:41,01.09.2023 05:42
264867995,9,EDGGFIR,01.09.2023 05:42,01.09.2023 06:04
264867995,10,TAXI_IN,01.09.2023 06:04,01.09.2023 06:14
264867996,0,TAXI_OUT,31.08.2023 23:40,01.09.2023 00:17
264867996,1,KZMAFIR,01.09.2023 00:17,01.09.2023 01:02
264867996,2,KZWYFIR,01.09.2023 01:02,01.09.2023 05:27
264867996,3,LPPOFIR,01.09.2023 05:27,01.09.2023 05:50
264867996,4,CZQXFIR,01.09.2023 05:50,01.09.2023 06:29
264867996,5,EGGXFIR,01.09.2023 06:29,01.09.2023 08:14
264867996,6,EGTTUIR,01.09.2023 08:14,01.09.2023 08:41
264867996,7,EGTTFIR,01.09.2023 08:41,01.09.2023 09:10
264867996,8,TAXI_IN,01.09.2023 09:10,01.09.2023 09:20
264867997,0,TAXI_OUT,01.09.2023 00:09,01.09.2023 00:34
264867997,1,KZNYFIR,01.09.2023 00:34,01.09.2023 00:40
264867997,2,KZBWFIR,01.09.2023 00:40,01.09.2023 00:42
264867997,3,KZBWUIR,01.09.2023 00:42,01.09.2023 01:18
264867997,4,CZQMFIR,01.09.2023 01:18,01.09.2023 02:08
264867997,5,CZQXFIR,01.09.2023 02:08,01.09.2023 04:18
264867997,6,EGGXFIR,01.09.2023 04:18,01.09.2023 06:13
264867997,7,EGTTUIR,01.09.2023 06:13,01.09.2023 06:43
264867997,8,EGTTFIR,01.09.2023 06:43,01.09.2023 07:10
264867997,9,TAXI_IN,01.09.2023 07:10,01.09.2023 07:20
264867999,0,TAXI_OUT,01.09.2023 00:25,01.09.2023 00:35
264867999,1,SBCWFIR,01.09.2023 00:35,01.09.2023 01:23
264867999,2,SBREFIR,01.09.2023 01:23,01.09.2023 01:58
264867999,3,SBAOFIR,01.09.2023 01:58,01.09.2023 04:43
264867999,4,GOOOUIR,01.09.2023 04:43,01.09.2023 07:43
264867999,5,GCCCUIRN,01.09.2023 07:43,01.09.2023 08:59
264867999,6,GMMMUIR,01.09.2023 08:59,01.09.2023 09:40
264867999,7,LPPCFIR,01.09.2023 09:40,01.09.2023 10:32
264867999,8,TAXI_IN,01.09.2023 10:32,01.09.2023 10:42
264868001,0,TAXI_OUT,01.09.2023 00:24,01.09.2023 00:34
264868001,1,KZNYFIR,01.09.2023 00:34,01.09.2023 00:43
264868001,2,KZBWFIR,01.09.2023 00:43,01.09.2023 00:45
264868001,3,KZBWUIR,01.09.2023 00:45,01.09.2023 01:21
264868001,4,CZQMFIR,01.09.2023 01:21,01.09.2023 02:02
264868001,5,CZQXFIR,01.09.2023 02:02,01.09.2023 04:05
264868001,6,EGGXFIR,01.09.2023 04:05,01.09.2023 05:10
264868001,7,EISNUIR,01.09.2023 05:10,01.09.2023 05:49
264868001,8,EGTTUIR,01.09.2023 05:49,01.09.2023 06:02
264868001,9,EGTTFIR,01.09.2023 06:02,01.09.2023 06:28
264868001,10,TAXI_IN,01.09.2023 06:28,01.09.2023 06:38
264868002,0,TAXI_OUT,01.09.2023 00:57,01.09.2023 01:07
264868002,1,KZNYFIR,01.09.2023 01:07,01.09.2023 01:15
264868002,2,KZBWFIR,01.09.2023 01:15,01.09.2023 01:16
264868002,3,KZBWUIR,01.09.2023 01:16,01.09.2023 02:01
264868002,4,CZQMFIR,01.09.2023 02:01,01.09.2023 02:31
264868002,5,CZULFIR,01.09.2023 02:31,01.09.2023 03:07
264868002,6,CZQXFIR,01.09.2023 03:07,01.09.2023 04:17
264868002,7,BGGLFIR,01.09.2023 04:17,01.09.2023 04:20
264868002,8,CZQXFIR,01.09.2023 04:20,01.09.2023 04:55
264868002,9,BIRDFIR,01.09.2023 04:55,01.09.2023 06:46
264868002,10,ENOBFIR,01.09.2023 06:46,01.09.2023 07:23
264868002,11,ENORFIR,01.09.2023 07:23,01.09.2023 07:57
264868002,12,TAXI_IN,01.09.2023 07:57,01.09.2023 08:07
264868003,0,TAXI_OUT,01.09.2023 00:28,01.09.2023 00:38
264868003,1,KZNYFIR,01.09.2023 00:38,01.09.2023 00:46
264868003,2,KZBWFIR,01.09.2023 00:46,01.09.2023 00:50
264868003,3,KZBWUIR,01.09.2023 00:50,01.09.2023 01:28
264868003,4,CZQMFIR,01.09.2023 01:28,01.09.2023 02:07
264868003,5,CZQXFIR,01.09.2023 02:07,01.09.2023 04:16
264868003,6,EGGXFIR,01.09.2023 04:16,01.09.2023 06:00
264868003,7,EGTTUIR,01.09.2023 06:00,01.09.2023 06:03
264868003,8,LFFFUIR,01.09.2023 06:03,01.09.2023 07:17
264868003,9,LIMMUIR,01.09.2023 07:17,01.09.2023 07:42
264868003,10,LIRRUIR,01.09.2023 07:42,01.09.2023 07:54
264868003,11,LIBBUIR,01.09.2023 07:54,01.09.2023 08:30
264868003,12,LAAAFIR,01.09.2023 08:30,01.09.2023 08:47
264868003,13,TAXI_IN,01.09.2023 08:47,01.09.2023 08:57
264868004,0,TAXI_OUT,01.09.2023 00:55,01.09.2023 01:11
264868004,1,LTBBFIR,01.09.2023 01:11,01.09.2023 01:35
264868004,2,LTAAFIR,01.09.2023 01:35,01.09.2023 02:53
264868004,3,ORBBFIR,01.09.2023 02:53,01.09.2023 03:36
264868004,4,TAXI_IN,01.09.2023 03:36,01.09.2023 03:46
264868005,0,TAXI_OUT,31.08.2023 23:39,31.08.2023 23:59
264868005,1,KZDCFIR,31.08.2023 23:59,01.09.2023 00:07
264868005,2,KZDCUIR,01.09.2023 00:07,01.09.2023 00:19
264868005,3,KZNYUIR,01.09.2023 00:19,01.09.2023 00:26
264868005,4,KZBWUIR,01.09.2023 00:26,01.09.2023 00:59
264868005,5,KZWYFIR,01.09.2023 00:59,01.09.2023 01:08
264868005,6,CZQMFIR,01.09.2023 01:08,01.09.2023 01:55
264868005,7,CZQXFIR,01.09.2023 01:55,01.09.2023 04:02
264868005,8,EGGXFIR,01.09.2023 04:02,01.09.2023 05:34
264868005,9,LECMUIR,01.09.2023 05:34,01.09.2023 06:46
264868005,10,LECBUIR,01.09.2023 06:46,01.09.2023 07:17
264868005,11,LFFFUIR,01.09.2023 07:17,01.09.2023 07:36
264868005,12,LIRRUIR,01.09.2023 07:36,01.09.2023 08:01
264868005,13,LIRRFIR,01.09.2023 08:01,01.09.2023 08:16
264868005,14,TAXI_IN,01.09.2023 08:16,01.09.2023 08:26
264868006,0,TAXI_OUT,01.09.2023 00:44,01.09.2023 00:54
264868006,1,KZJXFIR,01.09.2023 00:54,01.09.2023 00:54
264868006,2,KZMAFIR,01.09.2023 00:54,01.09.2023 00:56
264868006,3,KZJXFIR,01.09.2023 00:56,01.09.2023 01:05
264868006,4,KZJXUIR,01.09.2023 01:05,01.09.2023 01:46
264868006,5,KZDCUIR,01.09.2023 01:46,01.09.2023 02:30
264868006,6,KZBWUIR,01.09.2023 02:30,01.09.2023 03:09
264868006,7,CZQMFIR,01.09.2023 03:09,01.09.2023 03:48
264868006,8,CZQXFIR,01.09.2023 03:48,01.09.2023 05:49
264868006,9,EGGXFIR,01.09.2023 05:49,01.09.2023 06:51
264868006,10,EISNUIR,01.09.2023 06:51,01.09.2023 07:29
264868006,11,EGTTUIR,01.09.2023 07:29,01.09.2023 07:49
264868006,12,EGTTFIR,01.09.2023 07:49,01.09.2023 08:12
264868006,13,TAXI_IN,01.09.2023 08:12,01.09.2023 08:22
264868008,0,TAXI_OUT,31.08.2023 23:38,31.08.2023 23:58
264868008,1,HECCFIR,31.08.2023 23:58,01.09.2023 01:08
264868008,2,LGGGUIR,01.09.2023 01:08,01.09.2023 02:17
264868008,3,LBSRFIR,01.09.2023 02:17,01.09.2023 02:37
264868008,4,LRBBFIR,01.09.2023 02:37,01.09.2023 03:07
264868008,5,LHCCFIR,01.09.2023 03:07,01.09.2023 03:18
264868008,6,LZBBFIR,01.09.2023 03:18,01.09.2023 03:25
264868008,7,EPWWFIR,01.09.2023 03:25,01.09.2023 04:02
264868008,8,EYVLUIR,01.09.2023 04:02,01.09.2023 04:19
264868008,9,EVRRFIR,01.09.2023 04:19,01.09.2023 04:31
264868008,10,ULLLFIR,01.09.2023 04:31,01.09.2023 04:44
264868008,11,UUWVFIR,01.09.2023 04:44,01.09.2023 05:18
264868008,12,TAXI_IN,01.09.2023 05:18,01.09.2023 05:28
264868009,0,TAXI_OUT,01.09.2023 00:16,01.09.2023 00:26
264868009,1,EDMMFIR,01.09.2023 00:26,01.09.2023 00:28
264868009,2,EDGGFIR,01.09.2023 00:28,01.09.2023 00:28
264868009,3,EDMMFIR,01.09.2023 00:28,01.09.2023 00:37
264868009,4,EDUUUIR,01.09.2023 00:37,01.09.2023 00:47
264868009,5,LOVVFIR,01.09.2023 00:47,01.09.2023 01:04
264868009,6,LHCCFIR,01.09.2023 01:04,01.09.2023 01:20
264868009,7,LYBAUIR,01.09.2023 01:20,01.09.2023 01:52
264868009,8,LBSRFIR,01.09.2023 01:52,01.09.2023 02:07
264868009,9,LGGGUIR,01.09.2023 02:07,01.09.2023 02:18
264868009,10,LTBBFIR,01.09.2023 02:18,01.09.2023 02:52
264868009,11,LTAAFIR,01.09.2023 02:52,01.09.2023 03:11
264868009,12,TAXI_IN,01.09.2023 03:11,01.09.2023 03:21
264868011,0,TAXI_OUT,31.08.2023 23:59,01.09.2023 00:24
264868011,1,KZDCFIR,01.09.2023 00:24,01.09.2023 00:26
264868011,2,KZNYFIR,01.09.2023 00:26,01.09.2023 00:29
264868011,3,KZDCUIR,01.09.2023 00:29,01.09.2023 00:30
264868011,4,KZNYUIR,01.09.2023 00:30,01.09.2023 00:42
264868011,5,KZBWUIR,01.09.2023 00:42,01.09.2023 01:19
264868011,6,CZQMFIR,01.09.2023 01:19,01.09.2023 01:53
264868011,7,CZQXFIR,01.09.2023 01:53,01.09.2023 03:54
264868011,8,EGGXFIR,01.09.2023 03:54,01.09.2023 04:55
264868011,9,EISNUIR,01.09.2023 04:55,01.09.2023 05:35
264868011,10,EGTTUIR,01.09.2023 05:35,01.09.2023 05:55
264868011,11,EGTTFIR,01.09.2023 05:55,01.09.2023 06:24
264868011,12,TAXI_IN,01.09.2023 06:24,01.09.2023 06:34
264868012,0,TAXI_OUT,01.09.2023 00:10,01.09.2023 00:27
264868012,1,LWSSFIR,01.09.2023 00:27,01.09.2023 00:38
264868012,2,LGGGUIR,01.09.2023 00:38,01.09.2023 01:05
264868012,3,LTBBFIR,01.09.2023 01:05,01.09.2023 01:30
264868012,4,LTAAFIR,01.09.2023 01:30,01.09.2023 01:50
264868012,5,TAXI_IN,01.09.2023 01:50,01.09.2023 02:00
264868013,0,TAXI_OUT,31.08.2023 23:53,01.09.2023 00:03
264868013,1,LIRRFIR,01.09.2023 00:03,01.09.2023 00:08
264868013,2,LFMMFIR,01.09.2023 00:08,01.09.2023 00:11
264868013,3,LFFFUIR,01.09.2023 00:11,01.09.2023 00:31
264868013,4,LECBUIR,01.09.2023 00:31,01.09.2023 01:09
264868013,5,LECMUIR,01.09.2023 01:09,01.09.2023 01:20
264868013,6,LECMFIR,01.09.2023 01:20,01.09.2023 01:34
264868013,7,TAXI_IN,01.09.2023 01:34,01.09.2023 01:44
264868014,0,TAXI_OUT,01.09.2023 00:22,01.09.2023 00:32
264868014,1,DTTCFIR,01.09.2023 00:32,01.09.2023 00:43
264868014,2,LIRRUIR,01.09.2023 00:43,01.09.2023 00:47
264868014,3,LMMMUIR,01.09.2023 00:47,01.09.2023 01:00
264868014,4,LMMMFIR,01.09.2023 01:00,01.09.2023 01:20
264868014,5,TAXI_IN,01.09.2023 01:20,01.09.2023 01:30
264868015,0,TAXI_OUT,01.09.2023 00:49,01.09.2023 01:05
264868015,1,LTBBFIR,01.09.2023 01:05,01.09.2023 01:25
264868015,2,LTAAFIR,01.09.2023 01:25,01.09.2023 02:46
264868015,3,OIIXFIR,01.09.2023 02:46,01.09.2023 03:43
264868015,4,TAXI_IN,01.09.2023 03:43,01.09.2023 03:53
264868016,0,TAXI_OUT,01.09.2023 00:47,01.09.2023 00:47
264868016,1,CZEGFIR,01.09.2023 00:47,01.09.2023 04:31
264868016,2,BGGLFIR,01.09.2023 04:31,01.09.2023 05:37
264868016,3,BIRDFIR,01.09.2023 05:37,01.09.2023 06:25
264868016,4,EGGXFIR,01.09.2023 06:25,01.09.2023 07:26
264868016,5,EGPXUIR,01.09.2023 07:26,01.09.2023 07:27
264868016,6,EISNUIR,01.09.2023 07:27,01.09.2023 07:50
264868016,7,EGTTUIR,01.09.2023 07:50,01.09.2023 08:21
264868016,8,LFFFUIR,01.09.2023 08:21,01.09.2023 09:10
264868016,9,LIMMUIR,01.09.2023 09:10,01.09.2023 09:29
264868016,10,LIRRUIR,01.09.2023 09:29,01.09.2023 09:37
264868016,11,LIRRFIR,01.09.2023 09:37,01.09.2023 09:57
264868016,12,TAXI_IN,01.09.2023 09:57,01.09.2023 10:07
264868017,0,TAXI_OUT,01.09.2023 00:17,01.09.2023 00:27
264868017,1,OMAEFIR,01.09.2023 00:27,01.09.2023 00:37
264868017,2,OMAEUIR,01.09.2023 00:37,01.09.2023 00:48
264868017,3,OBBBUIR,01.09.2023 00:48,01.09.2023 01:21
264868017,4,OKACFIR,01.09.2023 01:21,01.09.2023 01:35
264868017,5,ORBBFIR,01.09.2023 01:35,01.09.2023 02:40
264868017,6,LTAAFIR,01.09.2023 02:40,01.09.2023 04:05
264868017,7,LTBBFIR,01.09.2023 04:05,01.09.2023 04:11
264868017,8,LBSRFIR,01.09.2023 04:11,01.09.2023 04:36
264868017,9,LRBBFIR,01.09.2023 04:36,01.09.2023 05:04
264868017,10,LYBAUIR,01.09.2023 05:04,01.09.2023 05:18
264868017,11,LDZOFIR,01.09.2023 05:18,01.09.2023 05:20
264868017,12,LQSBUIR,01.09.2023 05:20,01.09.2023 05:23
264868017,13,LDZOFIR,01.09.2023 05:23,01.09.2023 05:23
264868017,14,LQSBUIR,01.09.2023 05:23,01.09.2023 05:24
264868017,15,LDZOFIR,01.09.2023 05:24,01.09.2023 05:27
264868017,16,LQSBUIR,01.09.2023 05:27,01.09.2023 05:27
264868017,17,LDZOFIR,01.09.2023 05:27,01.09.2023 05:27
264868017,18,LQSBUIR,01.09.2023 05:27,01.09.2023 05:27
264868017,19,LDZOFIR,01.09.2023 05:27,01.09.2023 05:28
264868017,20,LQSBUIR,01.09.2023 05:28,01.09.2023 05:28
264868017,21,LDZOFIR,01.09.2023 05:28,01.09.2023 05:29
264868017,22,LQSBUIR,01.09.2023 05:29,01.09.2023 05:33
264868017,23,LDZOFIR,01.09.2023 05:33,01.09.2023 05:36
264868017,24,LQSBUIR,01.09.2023 05:36,01.09.2023 05:36
264868017,25,LDZOFIR,01.09.2023 05:36,01.09.2023 05:52
264868017,26,LIMMUIR,01.09.2023 05:52,01.09.2023 06:16
264868017,27,LSASUIR,01.09.2023 06:16,01.09.2023 06:17
264868017,28,LIMMUIR,01.09.2023 06:17,01.09.2023 06:21
264868017,29,LSASUIR,01.09.2023 06:21,01.09.2023 06:33
264868017,30,LFFFUIR,01.09.2023 06:33,01.09.2023 06:49
264868017,31,LFFFFIR,01.09.2023 06:49,01.09.2023 07:11
264868017,32,TAXI_IN,01.09.2023 07:11,01.09.2023 07:21
264868018,0,TAXI_OUT,01.09.2023 00:09,01.09.2023 00:44
264868018,1,KZNYFIR,01.09.2023 00:44,01.09.2023 00:48
264868018,2,KZBWFIR,01.09.2023 00:48,01.09.2023 00:53
264868018,3,KZBWUIR,01.09.2023 00:53,01.09.2023 01:26
264868018,4,CZQMFIR,01.09.2023 01:26,01.09.2023 02:07
264868018,5,CZQXFIR,01.09.2023 02:07,01.09.2023 04:04
264868018,6,EGGXFIR,01.09.2023 04:04,01.09.2023 05:08
264868018,7,EISNUIR,01.09.2023 05:08,01.09.2023 05:32
264868018,8,EGGXFIR,01.09.2023 05:32,01.09.2023 05:42
264868018,9,EGTTUIR,01.09.2023 05:42,01.09.2023 05:59
264868018,10,LFFFUIR,01.09.2023 05:59,01.09.2023 06:54
264868018,11,EDUUUIR,01.09.2023 06:54,01.09.2023 06:57
264868018,12,LSASUIR,01.09.2023 06:57,01.09.2023 07:03
264868018,13,EDUUUIR,01.09.2023 07:03,01.09.2023 07:03
264868018,14,LOVVFIR,01.09.2023 07:03,01.09.2023 07:06
264868018,15,EDUUUIR,01.09.2023 07:06,01.09.2023 07:07
264868018,16,LOVVFIR,01.09.2023 07:07,01.09.2023 07:15
264868018,17,LIMMUIR,01.09.2023 07:15,01.09.2023 07:16
264868018,18,LOVVFIR,01.09.2023 07:16,01.09.2023 07:22
264868018,19,LIMMUIR,01.09.2023 07:22,01.09.2023 07:24
264868018,20,LJLAFIR,01.09.2023 07:24,01.09.2023 07:34
264868018,21,LDZOFIR,01.09.2023 07:34,01.09.2023 07:37
264868018,22,LQSBUIR,01.09.2023 07:37,01.09.2023 07:58
264868018,23,LYBAUIR,01.09.2023 07:58,01.09.2023 08:11
264868018,24,LWSSFIR,01.09.2023 08:11,01.09.2023 08:20
264868018,25,LGGGUIR,01.09.2023 08:20,01.09.2023 09:01
264868018,26,LTBBFIR,01.09.2023 09:01,01.09.2023 09:06
264868018,27,LGGGUIR,01.09.2023 09:06,01.09.2023 09:25
264868018,28,LCCCFIR,01.09.2023 09:25,01.09.2023 09:45
264868018,29,HECCFIR,01.09.2023 09:45,01.09.2023 10:15
264868018,30,OJACFIR,01.09.2023 10:15,01.09.2023 10:26
264868018,31,OEJDFIR,01.09.2023 10:26,01.09.2023 11:57
264868018,32,OBBBUIR,01.09.2023 11:57,01.09.2023 12:04
264868018,33,OTDFFIR,01.09.2023 12:04,01.09.2023 12:20
264868018,34,TAXI_IN,01.09.2023 12:20,01.09.2023 12:30
264868019,0,TAXI_OUT,01.09.2023 00:16,01.09.2023 00:26
264868019,1,LGGGFIR,01.09.2023 00:26,01.09.2023 00:39
264868019,2,LGGGUIR,01.09.2023 00:39,01.09.2023 01:28
264868019,3,LIBBUIR,01.09.2023 01:28,01.09.2023 02:01
264868019,4,LIRRUIR,01.09.2023 02:01,01.09.2023 02:35
264868019,5,LFFFUIR,01.09.2023 02:35,01.09.2023 03:55
264868019,6,LFBBFIR,01.09.2023 03:55,01.09.2023 03:56
264868019,7,LFRRFIR,01.09.2023 03:56,01.09.2023 04:13
264868019,8,TAXI_IN,01.09.2023 04:13,01.09.2023 04:23
264868020,0,TAXI_OUT,01.09.2023 00:03,01.09.2023 00:10
264868020,1,LECBFIR,01.09.2023 00:10,01.09.2023 00:19
264868020,2,LECBUIR,01.09.2023 00:19,01.09.2023 00:45
264868020,3,LFFFUIR,01.09.2023 00:45,01.09.2023 01:44
264868020,4,EGTTUIR,01.09.2023 01:44,01.09.2023 01:57
264868020,5,EGTTFIR,01.09.2023 01:57,01.09.2023 02:17
264868020,6,TAXI_IN,01.09.2023 02:17,01.09.2023 02:27
264868021,0,TAXI_OUT,01.09.2023 00:32,01.09.2023 00:52
264868021,1,KZBWFIR,01.09.2023 00:52,01.09.2023 01:02
264868021,2,KZBWUIR,01.09.2023 01:02,01.09.2023 01:22
264868021,3,CZQMFIR,01.09.2023 01:22,01.09.2023 01:57
264868021,4,CZQXFIR,01.09.2023 01:57,01.09.2023 04:00
264868021,5,EGGXFIR,01.09.2023 04:00,01.09.2023 05:02
264868021,6,EISNUIR,01.09.2023 05:02,01.09.2023 05:41
264868021,7,EGTTUIR,01.09.2023 05:41,01.09.2023 06:19
264868021,8,EBURUIR,01.09.2023 06:19,01.09.2023 06:19
264868021,9,LFFFUIR,01.09.2023 06:19,01.09.2023 06:22
264868021,10,EBURUIR,01.09.2023 06:22,01.09.2023 06:39
264868021,11,EDVVUIR,01.09.2023 06:39,01.09.2023 06:39
264868021,12,EDUUUIR,01.09.2023 06:39,01.09.2023 07:00
264868021,13,EDMMFIR,01.09.2023 07:00,01.09.2023 07:21
264868021,14,TAXI_IN,01.09.2023 07:21,01.09.2023 07:31
264868022,0,TAXI_OUT,31.08.2023 23:54,01.09.2023 00:29
264868022,1,KZNYFIR,01.09.2023 00:29,01.09.2023 00:34
264868022,2,KZBWFIR,01.09.2023 00:34,01.09.2023 00:39
264868022,3,KZBWUIR,01.09.2023 00:39,01.09.2023 01:15
264868022,4,CZQMFIR,01.09.2023 01:15,01.09.2023 01:56
264868022,5,CZQXFIR,01.09.2023 01:56,01.09.2023 04:02
264868022,6,EGGXFIR,01.09.2023 04:02,01.09.2023 05:07
264868022,7,EISNUIR,01.09.2023 05:07,01.09.2023 05:51
264868022,8,EGTTUIR,01.09.2023 05:51,01.09.2023 05:54
264868022,9,EGTTFIR,01.09.2023 05:54,01.09.2023 06:19
264868022,10,TAXI_IN,01.09.2023 06:19,01.09.2023 06:29
264868023,0,TAXI_OUT,31.08.2023 23:46,01.09.2023 00:06
264868023,1,HECCFIR,01.09.2023 00:06,01.09.2023 01:20
264868023,2,LGGGUIR,01.09.2023 01:20,01.09.2023 02:20
264868023,3,LAAAFIR,01.09.2023 02:20,01.09.2023 02:33
264868023,4,LYBAUIR,01.09.2023 02:33,01.09.2023 02:38
264868023,5,LDZOFIR,01.09.2023 02:38,01.09.2023 02:58
264868023,6,LIBBUIR,01.09.2023 02:58,01.09.2023 03:11
264868023,7,LIRRUIR,01.09.2023 03:11,01.09.2023 03:18
264868023,8,LIMMUIR,01.09.2023 03:18,01.09.2023 03:38
264868023,9,LIMMFIR,01.09.2023 03:38,01.09.2023 03:51
264868023,10,TAXI_IN,01.09.2023 03:51,01.09.2023 04:01
264868024,0,TAXI_OUT,31.08.2023 23:54,01.09.2023 00:04
264868024,1,LUUUFIR,01.09.2023 00:04,01.09.2023 00:15
264868024,2,LRBBFIR,01.09.2023 00:15,01.09.2023 00:35
264868024,3,LBSRFIR,01.09.2023 00:35,01.09.2023 00:49
264868024,4,LTBBFIR,01.09.2023 00:49,01.09.2023 01:23
264868024,5,LTAAFIR,01.09.2023 01:23,01.09.2023 01:47
264868024,6,TAXI_IN,01.09.2023 01:47,01.09.2023 01:57
264868025,0,TAXI_OUT,01.09.2023 00:14,01.09.2023 00:24
264868025,1,OLBBFIR,01.09.2023 00:24,01.09.2023 00:33
264868025,2,LCCCFIR,01.09.2023 00:33,01.09.2023 00:53
264868025,3,HECCFIR,01.09.2023 00:53,01.09.2023 02:26
264868025,4,OEJDFIR,01.09.2023 02:26,01.09.2023 02:55
264868025,5,HHAAFIR,01.09.2023 02:55,01.09.2023 03:28
264868025,6,HAAAFIR,01.09.2023 03:28,01.09.2023 04:15
264868025,7,TAXI_IN,01.09.2023 04:15,01.09.2023 04:25
264868026,0,TAXI_OUT,01.09.2023 00:17,01.09.2023 00:33
264868026,1,LTBBFIR,01.09.2023 00:33,01.09.2023 00:42
264868026,2,LBSRFIR,01.09.2023 00:42,01.09.2023 01:04
264868026,3,LRBBFIR,01.09.2023 01:04,01.09.2023 01:43
264868026,4,LHCCFIR,01.09.2023 01:43,01.09.2023 01:52
264868026,5,LZBBFIR,01.09.2023 01:52,01.09.2023 02:00
264868026,6,EPWWFIR,01.09.2023 02:00,01.09.2023 02:37
264868026,7,EYVLUIR,01.09.2023 02:37,01.09.2023 02:55
264868026,8,EVRRFIR,01.09.2023 02:55,01.09.2023 03:05
264868026,9,ULLLFIR,01.09.2023 03:05,01.09.2023 03:20
264868026,10,UUWVFIR,01.09.2023 03:20,01.09.2023 04:18
264868026,11,TAXI_IN,01.09.2023 04:18,01.09.2023 04:28
264868027,0,TAXI_OUT,01.09.2023 00:03,01.09.2023 00:18
264868027,1,EHAAFIR,01.09.2023 00:18,01.09.2023 00:30
264868027,2,EDVVUIR,01.09.2023 00:30,01.09.2023 00:42
264868027,3,EDUUUIR,01.09.2023 00:42,01.09.2023 01:11
264868027,4,LOVVFIR,01.09.2023 01:11,01.09.2023 01:27
264868027,5,LHCCFIR,01.09.2023 01:27,01.09.2023 01:43
264868027,6,LYBAUIR,01.09.2023 01:43,01.09.2023 02:13
264868027,7,LBSRFIR,01.09.2023 02:13,01.09.2023 02:29
264868027,8,LGGGUIR,01.09.2023 02:29,01.09.2023 02:39
264868027,9,LTBBFIR,01.09.2023 02:39,01.09.2023 03:16
264868027,10,LTAAFIR,01.09.2023 03:16,01.09.2023 03:32
264868027,11,TAXI_IN,01.09.2023 03:32,01.09.2023 03:42
264868028,0,TAXI_OUT,01.09.2023 00:20,01.09.2023 00:30
264868028,1,LZBBFIR,01.09.2023 00:30,01.09.2023 00:40
264868028,2,LKAAFIR,01.09.2023 00:40,01.09.2023 01:10
264868028,3,EDUUUIR,01.09.2023 01:10,01.09.2023 01:12
264868028,4,EDMMFIR,01.09.2023 01:12,01.09.2023 02:06
264868028,5,TAXI_IN,01.09.2023 02:06,01.09.2023 02:16
264868029,0,TAXI_OUT,01.09.2023 00:00,01.09.2023 00:10
264868029,1,EPWWFIR,01.09.2023 00:10,01.09.2023 00:24
264868029,2,LZBBFIR,01.09.2023 00:24,01.09.2023 00:33
264868029,3,LHCCFIR,01.09.2023 00:33,01.09.2023 00:42
264868029,4,LRBBFIR,01.09.2023 00:42,01.09.2023 01:16
264868029,5,LBSRFIR,01.09.2023 01:16,01.09.2023 01:32
264868029,6,LTBBFIR,01.09.2023 01:32,01.09.2023 02:12
264868029,7,LTAAFIR,01.09.2023 02:12,01.09.2023 02:37
264868029,8,TAXI_IN,01.09.2023 02:37,01.09.2023 02:47
264868030,0,TAXI_OUT,01.09.2023 00:24,01.09.2023 00:24
264868030,1,CZYZFIR,01.09.2023 00:24,01.09.2023 00:48
264868030,2,KZBWUIR,01.09.2023 00:48,01.09.2023 01:33
264868030,3,CZQMFIR,01.09.2023 01:33,01.09.2023 02:14
264868030,4,CZQXFIR,01.09.2023 02:14,01.09.2023 04:14
264868030,5,EGGXFIR,01.09.2023 04:14,01.09.2023 05:58
264868030,6,LECMUIR,01.09.2023 05:58,01.09.2023 06:48
264868030,7,LECBUIR,01.09.2023 06:48,01.09.2023 06:57
264868030,8,LECBFIR,01.09.2023 06:57,01.09.2023 07:26
264868030,9,TAXI_IN,01.09.2023 07:26,01.09.2023 07:36
264868031,0,TAXI_OUT,01.09.2023 00:12,01.09.2023 00:22
264868031,1,RKRRFIR,01.09.2023 00:22,01.09.2023 00:42
264868031,2,ZSHAFIR,01.09.2023 00:42,01.09.2023 01:14
264868031,3,ZBPEFIR,01.09.2023 01:14,01.09.2023 02:15
264868031,4,ZLHWFIR,01.09.2023 02:15,01.09.2023 04:04
264868031,5,ZWUQFIR,01.09.2023 04:04,01.09.2023 05:25
264868031,6,UAAAFIR,01.09.2023 05:25,01.09.2023 06:31
264868031,7,UACNFIR,01.09.2023 06:31,01.09.2023 07:14
264868031,8,UATTFIR,01.09.2023 07:14,01.09.2023 08:47
264868031,9,UBBAFIR,01.09.2023 08:47,01.09.2023 09:12
264868031,10,UGGGUIR,01.09.2023 09:12,01.09.2023 09:48
264868031,11,LTAAFIR,01.09.2023 09:48,01.09.2023 10:49
264868031,12,LTBBFIR,01.09.2023 10:49,01.09.2023 10:53
264868031,13,LBSRFIR,01.09.2023 10:53,01.09.2023 11:07
264868031,14,LRBBFIR,01.09.2023 11:07,01.09.2023 11:11
264868031,15,LBSRFIR,01.09.2023 11:11,01.09.2023 11:11
264868031,16,LRBBFIR,01.09.2023 11:11,01.09.2023 11:12
264868031,17,LBSRFIR,01.09.2023 11:12,01.09.2023 11:13
264868031,18,LRBBFIR,01.09.2023 11:13,01.09.2023 11:56
264868031,19,LHCCFIR,01.09.2023 11:56,01.09.2023 12:23
264868031,20,LOVVFIR,01.09.2023 12:23,01.09.2023 12:48
264868031,21,EDUUUIR,01.09.2023 12:48,01.09.2023 12:58
264868031,22,LOVVFIR,01.09.2023 12:58,01.09.2023 12:59
264868031,23,EDUUUIR,01.09.2023 12:59,01.09.2023 13:00
264868031,24,LSASUIR,01.09.2023 13:00,01.09.2023 13:12
264868031,25,LFFFUIR,01.09.2023 13:12,01.09.2023 13:13
264868031,26,LSASUIR,01.09.2023 13:13,01.09.2023 13:15
264868031,27,LFFFUIR,01.09.2023 13:15,01.09.2023 13:33
264868031,28,LFFFFIR,01.09.2023 13:33,01.09.2023 13:56
264868031,29,TAXI_IN,01.09.2023 13:56,01.09.2023 14:06
264868032,0,TAXI_OUT,01.09.2023 00:26,01.09.2023 00:26
264868032,1,UNNTFIR,01.09.2023 00:26,01.09.2023 01:21
264868032,2,UACNFIR,01.09.2023 01:21,01.09.2023 02:19
264868032,3,UATTFIR,01.09.2023 02:19,01.09.2023 03:52
264868032,4,URRVFIR,01.09.2023 03:52,01.09.2023 04:16
264868032,5,UGGGUIR,01.09.2023 04:16,01.09.2023 04:44
264868032,6,LTAAFIR,01.09.2023 04:44,01.09.2023 06:17
264868032,7,TAXI_IN,01.09.2023 06:17,01.09.2023 06:27
264868033,0,TAXI_OUT,01.09.2023 00:05,01.09.2023 00:15
264868033,1,EPWWFIR,01.09.2023 00:15,01.09.2023 00:30
264868033,2,LZBBFIR,01.09.2023 00:30,01.09.2023 00:38
264868033,3,LHCCFIR,01.09.2023 00:38,01.09.2023 00:47
264868033,4,LRBBFIR,01.09.2023 00:47,01.09.2023 01:21
264868033,5,LBSRFIR,01.09.2023 01:21,01.09.2023 01:37
264868033,6,LTBBFIR,01.09.2023 01:37,01.09.2023 02:35
264868033,7,TAXI_IN,01.09.2023 02:35,01.09.2023 02:45
264868034,0,TAXI_OUT,31.08.2023 23:52,01.09.2023 00:17
264868034,1,LTBBFIR,01.09.2023 00:17,01.09.2023 00:32
264868034,2,LBSRFIR,01.09.2023 00:32,01.09.2023 01:07
264868034,3,LYBAUIR,01.09.2023 01:07,01.09.2023 01:30
264868034,4,LDZOFIR,01.09.2023 01:30,01.09.2023 01:51
264868034,5,LJLAFIR,01.09.2023 01:51,01.09.2023 01:56
264868034,6,LOVVFIR,01.09.2023 01:56,01.09.2023 02:17
264868034,7,EDUUUIR,01.09.2023 02:17,01.09.2023 02:17
264868034,8,LOVVFIR,01.09.2023 02:17,01.09.2023 02:18
264868034,9,EDUUUIR,01.09.2023 02:18,01.09.2023 02:34
264868034,10,EDMMFIR,01.09.2023 02:34,01.09.2023 02:35
264868034,11,EDGGFIR,01.09.2023 02:35,01.09.2023 03:03
264868034,12,TAXI_IN,01.09.2023 03:03,01.09.2023 03:13
264868035,0,TAXI_OUT,31.08.2023 23:01,31.08.2023 23:07
264868035,1,ENORFIR,31.08.2023 23:07,31.08.2023 23:56
264868035,2,TAXI_IN,31.08.2023 23:56,01.09.2023 00:06
264868036,0,TAXI_OUT,01.09.2023 00:29,01.09.2023 00:39
264868036,1,KZOAFIR,01.09.2023 00:39,01.09.2023 01:10
264868036,2,KZSEUIR,01.09.2023 01:10,01.09.2023 02:06
264868036,3,CZVRFIR,01.09.2023 02:06,01.09.2023 02:33
264868036,4,CZEGFIR,01.09.2023 02:33,01.09.2023 06:49
264868036,5,BGGLFIR,01.09.2023 06:49,01.09.2023 07:54
264868036,6,ENOBFIR,01.09.2023 07:54,01.09.2023 08:12
264868036,7,BODO,01.09.2023 08:12,01.09.2023 08:27
264868036,8,ULLLFIR,01.09.2023 08:27,01.09.2023 10:38
264868036,9,USSVFIR,01.09.2023 10:38,01.09.2023 11:05
264868036,10,UWWWFIR,01.09.2023 11:05,01.09.2023 11:39
264868036,11,UATTFIR,01.09.2023 11:39,01.09.2023 11:39
264868036,12,UWWWFIR,01.09.2023 11:39,01.09.2023 11:40
264868036,13,UATTFIR,01.09.2023 11:40,01.09.2023 12:47
264868036,14,UBBAFIR,01.09.2023 12:47,01.09.2023 13:17
264868036,15,OIIXFIR,01.09.2023 13:17,01.09.2023 14:50
264868036,16,OMAEUIR,01.09.2023 14:50,01.09.2023 14:54
264868036,17,OMAEFIR,01.09.2023 14:54,01.09.2023 15:21
264868036,18,TAXI_IN,01.09.2023 15:21,01.09.2023 15:31
264868037,0,TAXI_OUT,01.09.2023 00:03,01.09.2023 00:18
264868037,1,HECCFIR,01.09.2023 00:18,01.09.2023 01:16
264868037,2,LCCCFIR,01.09.2023 01:16,01.09.2023 01:44
264868037,3,LTAAFIR,01.09.2023 01:44,01.09.2023 02:56
264868037,4,UDDDFIR,01.09.2023 02:56,01.09.2023 03:07
264868037,5,TAXI_IN,01.09.2023 03:07,01.09.2023 03:17
264868038,0,TAXI_OUT,01.09.2023 00:36,01.09.2023 00:46
264868038,1,RJJJFIR,01.09.2023 00:46,01.09.2023 03:25
264868038,2,PAZAFIR,01.09.2023 03:25,01.09.2023 08:07
264868038,3,CZEGFIR,01.09.2023 08:07,01.09.2023 10:07
264868038,4,BGGLFIR,01.09.2023 10:07,01.09.2023 11:47
264868038,5,BIRDFIR,01.09.2023 11:47,01.09.2023 13:22
264868038,6,EGPXUIR,01.09.2023 13:22,01.09.2023 14:10
264868038,7,EGTTUIR,01.09.2023 14:10,01.09.2023 14:22
264868038,8,EHAAFIR,01.09.2023 14:22,01.09.2023 14:38
264868038,9,EBURUIR,01.09.2023 14:38,01.09.2023 14:46
264868038,10,LFFFUIR,01.09.2023 14:46,01.09.2023 14:50
264868038,11,LFFFFIR,01.09.2023 14:50,01.09.2023 15:07
264868038,12,TAXI_IN,01.09.2023 15:07,01.09.2023 15:17
264868039,0,TAXI_OUT,01.09.2023 00:11,01.09.2023 00:36
264868039,1,KZAUFIR,01.09.2023 00:36,01.09.2023 00:45
264868039,2,KZAUUIR,01.09.2023 00:45,01.09.2023 00:54
264868039,3,KZMPUIR,01.09.2023 00:54,01.09.2023 01:19
264868039,4,CZYZFIR,01.09.2023 01:19,01.09.2023 01:56
264868039,5,CZULFIR,01.09.2023 01:56,01.09.2023 03:43
264868039,6,CZQXFIR,01.09.2023 03:43,01.09.2023 04:14
264868039,7,BGGLFIR,01.09.2023 04:14,01.09.2023 05:02
264868039,8,CZQXFIR,01.09.2023 05:02,01.09.2023 05:09
264868039,9,BIRDFIR,01.09.2023 05:09,01.09.2023 06:59
264868039,10,EGPXUIR,01.09.2023 06:59,01.09.2023 07:15
264868039,11,ENORFIR,01.09.2023 07:15,01.09.2023 07:52
264868039,12,EKDKFIR,01.09.2023 07:52,01.09.2023 08:18
264868039,13,EDUUUIR,01.09.2023 08:18,01.09.2023 08:28
264868039,14,EPWWFIR,01.09.2023 08:28,01.09.2023 09:09
264868039,15,LZBBFIR,01.09.2023 09:09,01.09.2023 09:16
264868039,16,LHCCFIR,01.09.2023 09:16,01.09.2023 09:23
264868039,17,LRBBFIR,01.09.2023 09:23,01.09.2023 09:57
264868039,18,LBSRFIR,01.09.2023 09:57,01.09.2023 10:16
264868039,19,LTBBFIR,01.09.2023 10:16,01.09.2023 10:41
264868039,20,TAXI_IN,01.09.2023 10:41,01.09.2023 10:51
264868040,0,TAXI_OUT,01.09.2023 00:37,01.09.2023 00:47
264868040,1,KZFWFIR,01.09.2023 00:47,01.09.2023 00:58
264868040,2,KZFWUIR,01.09.2023 00:58,01.09.2023 01:16
264868040,3,KZMEUIR,01.09.2023 01:16,01.09.2023 02:05
264868040,4,KZIDUIR,01.09.2023 02:05,01.09.2023 02:30
264868040,5,KZDCUIR,01.09.2023 02:30,01.09.2023 02:51
264868040,6,KZNYUIR,01.09.2023 02:51,01.09.2023 02:59
264868040,7,KZDCUIR,01.09.2023 02:59,01.09.2023 03:03
264868040,8,KZNYUIR,01.09.2023 03:03,01.09.2023 03:09
264868040,9,KZBWUIR,01.09.2023 03:09,01.09.2023 03:43
264868040,10,CZQMFIR,01.09.2023 03:43,01.09.2023 04:27
264868040,11,CZQXFIR,01.09.2023 04:27,01.09.2023 06:22
264868040,12,EGGXFIR,01.09.2023 06:22,01.09.2023 08:00
264868040,13,EGTTUIR,01.09.2023 08:00,01.09.2023 08:17
264868040,14,LFFFUIR,01.09.2023 08:17,01.09.2023 09:12
264868040,15,LSASUIR,01.09.2023 09:12,01.09.2023 09:27
264868040,16,LIMMUIR,01.09.2023 09:27,01.09.2023 09:42
264868040,17,LDZOFIR,01.09.2023 09:42,01.09.2023 10:18
264868040,18,LYBAUIR,01.09.2023 10:18,01.09.2023 10:23
264868040,19,LAAAFIR,01.09.2023 10:23,01.09.2023 10:36
264868040,20,LGGGUIR,01.09.2023 10:36,01.09.2023 11:43
264868040,21,LCCCFIR,01.09.2023 11:43,01.09.2023 12:02
264868040,22,HECCFIR,01.09.2023 12:02,01.09.2023 12:33
264868040,23,OJACFIR,01.09.2023 12:33,01.09.2023 12:44
264868040,24,OEJDFIR,01.09.2023 12:44,01.09.2023 14:15
264868040,25,OBBBUIR,01.09.2023 14:15,01.09.2023 14:23
264868040,26,OTDFFIR,01.09.2023 14:23,01.09.2023 14:41
264868040,27,TAXI_IN,01.09.2023 14:41,01.09.2023 14:51
264868041,0,TAXI_OUT,01.09.2023 02:18,01.09.2023 02:28
264868041,1,OKACFIR,01.09.2023 02:28,01.09.2023 02:39
264868041,2,ORBBFIR,01.09.2023 02:39,01.09.2023 03:46
264868041,3,LTAAFIR,01.09.2023 03:46,01.09.2023 05:10
264868041,4,LTBBFIR,01.09.2023 05:10,01.09.2023 05:33
264868041,5,TAXI_IN,01.09.2023 05:33,01.09.2023 05:43
264868042,0,TAXI_OUT,01.09.2023 00:30,01.09.2023 00:35
264868042,1,LTAAFIR,01.09.2023 00:35,01.09.2023 02:01
264868042,2,OIIXFIR,01.09.2023 02:01,01.09.2023 02:02
264868042,3,LTAAFIR,01.09.2023 02:02,01.09.2023 02:06
264868042,4,OIIXFIR,01.09.2023 02:06,01.09.2023 02:51
264868042,5,TAXI_IN,01.09.2023 02:51,01.09.2023 03:01
264868043,0,TAXI_OUT,01.09.2023 00:02,01.09.2023 00:12
264868043,1,URRVFIR,01.09.2023 00:12,01.09.2023 00:51
264868043,2,LTAAFIR,01.09.2023 00:51,01.09.2023 02:17
264868043,3,TAXI_IN,01.09.2023 02:17,01.09.2023 02:27
264868044,0,TAXI_OUT,01.09.2023 00:16,01.09.2023 00:24
264868044,1,LJLAFIR,01.09.2023 00:24,01.09.2023 00:34
264868044,2,LDZOFIR,01.09.2023 00:34,01.09.2023 00:42
264868044,3,LQSBUIR,01.09.2023 00:42,01.09.2023 01:02
264868044,4,LYBAUIR,01.09.2023 01:02,01.09.2023 01:16
264868044,5,LWSSFIR,01.09.2023 01:16,01.09.2023 01:26
264868044,6,LGGGUIR,01.09.2023 01:26,01.09.2023 02:08
264868044,7,LTBBFIR,01.09.2023 02:08,01.09.2023 02:14
264868044,8,LGGGUIR,01.09.2023 02:14,01.09.2023 02:32
264868044,9,LCCCFIR,01.09.2023 02:32,01.09.2023 03:06
264868044,10,LLLLFIR,01.09.2023 03:06,01.09.2023 03:18
264868044,11,TAXI_IN,01.09.2023 03:18,01.09.2023 03:28
264868045,0,TAXI_OUT,01.09.2023 00:00,01.09.2023 00:22
264868045,1,EDGGFIR,01.09.2023 00:22,01.09.2023 00:32
264868045,2,EDVVUIR,01.09.2023 00:32,01.09.2023 00:33
264868045,3,EHAAFIR,01.09.2023 00:33,01.09.2023 00:33
264868045,4,EDVVUIR,01.09.2023 00:33,01.09.2023 00:33
264868045,5,EHAAFIR,01.09.2023 00:33,01.09.2023 00:35
264868045,6,EBURUIR,01.09.2023 00:35,01.09.2023 00:44
264868045,7,EHAAFIR,01.09.2023 00:44,01.09.2023 00:56
264868045,8,EGTTUIR,01.09.2023 00:56,01.09.2023 01:09
264868045,9,EGTTFIR,01.09.2023 01:09,01.09.2023 01:50
264868045,10,TAXI_IN,01.09.2023 01:50,01.09.2023 02:00
264868046,0,TAXI_OUT,01.09.2023 00:10,01.09.2023 00:45
264868046,1,KZNYFIR,01.09.2023 00:45,01.09.2023 00:50
264868046,2,KZBWFIR,01.09.2023 00:50,01.09.2023 00:53
264868046,3,KZBWUIR,01.09.2023 00:53,01.09.2023 01:33
264868046,4,CZQMFIR,01.09.2023 01:33,01.09.2023 02:08
264868046,5,CZQXFIR,01.09.2023 02:08,01.09.2023 04:12
264868046,6,EGGXFIR,01.09.2023 04:12,01.09.2023 05:14
264868046,7,EISNUIR,01.09.2023 05:14,01.09.2023 05:55
264868046,8,EGTTUIR,01.09.2023 05:55,01.09.2023 06:12
264868046,9,EGTTFIR,01.09.2023 06:12,01.09.2023 06:40
264868046,10,TAXI_IN,01.09.2023 06:40,01.09.2023 06:50
264868047,0,TAXI_OUT,31.08.2023 23:57,01.09.2023 00:32
264868047,1,KZNYFIR,01.09.2023 00:32,01.09.2023 00:36
264868047,2,KZBWFIR,01.09.2023 00:36,01.09.2023 00:40
264868047,3,KZBWUIR,01.09.2023 00:40,01.09.2023 01:11
264868047,4,KZWYFIR,01.09.2023 01:11,01.09.2023 01:57
264868047,5,CZQMFIR,01.09.2023 01:57,01.09.2023 02:04
264868047,6,CZQXFIR,01.09.2023 02:04,01.09.2023 04:15
264868047,7,EGGXFIR,01.09.2023 04:15,01.09.2023 04:32
264868047,8,LPPOFIR,01.09.2023 04:32,01.09.2023 05:49
264868047,9,LPPCFIR,01.09.2023 05:49,01.09.2023 06:33
264868047,10,TAXI_IN,01.09.2023 06:33,01.09.2023 06:43
264868048,0,TAXI_OUT,01.09.2023 00:05,01.09.2023 00:15
264868048,1,EGTTFIR,01.09.2023 00:15,01.09.2023 00:42
264868048,2,EBURUIR,01.09.2023 00:42,01.09.2023 00:49
264868048,3,EBBUFIR,01.09.2023 00:49,01.09.2023 01:04
264868048,4,TAXI_IN,01.09.2023 01:04,01.09.2023 01:14
264868049,0,TAXI_OUT,01.09.2023 00:36,01.09.2023 00:36
264868049,1,CZYZFIR,01.09.2023 00:36,01.09.2023 01:03
264868049,2,CZULFIR,01.09.2023 01:03,01.09.2023 02:40
264868049,3,CZQXFIR,01.09.2023 02:40,01.09.2023 04:26
264868049,4,EGGXFIR,01.09.2023 04:26,01.09.2023 05:44
264868049,5,EISNUIR,01.09.2023 05:44,01.09.2023 06:07
264868049,6,EGTTUIR,01.09.2023 06:07,01.09.2023 06:45
264868049,7,EHAAFIR,01.09.2023 06:45,01.09.2023 07:01
264868049,8,EDVVUIR,01.09.2023 07:01,01.09.2023 07:16
264868049,9,EDUUUIR,01.09.2023 07:16,01.09.2023 07:31
264868049,10,LKAAFIR,01.09.2023 07:31,01.09.2023 07:51
264868049,11,LZBBFIR,01.09.2023 07:51,01.09.2023 08:02
264868049,12,LHCCFIR,01.09.2023 08:02,01.09.2023 08:12
264868049,13,LRBBFIR,01.09.2023 08:12,01.09.2023 08:55
264868049,14,LBSRFIR,01.09.2023 08:55,01.09.2023 09:06
264868049,15,LTBBFIR,01.09.2023 09:06,01.09.2023 09:08
264868049,16,LTAAFIR,01.09.2023 09:08,01.09.2023 10:14
264868049,17,UGGGUIR,01.09.2023 10:14,01.09.2023 10:22
264868049,18,UDDDFIR,01.09.2023 10:22,01.09.2023 10:24
264868049,19,UBBAFIR,01.09.2023 10:24,01.09.2023 10:59
264868049,20,UTAKFIR,01.09.2023 10:59,01.09.2023 11:25
264868049,21,UTAAFIR,01.09.2023 11:25,01.09.2023 11:46
264868049,22,UTAVFIR,01.09.2023 11:46,01.09.2023 11:59
264868049,23,UTSDFIR,01.09.2023 11:59,01.09.2023 12:24
264868049,24,UTDDFIR,01.09.2023 12:24,01.09.2023 13:01
264868049,25,OAKXFIR,01.09.2023 13:01,01.09.2023 13:02
264868049,26,OPLRFIR,01.09.2023 13:02,01.09.2023 13:07
264868049,27,OAKXFIR,01.09.2023 13:07,01.09.2023 13:15
264868049,28,OPLRFIR,01.09.2023 13:15,01.09.2023 13:50
264868049,29,VIDFFIR,01.09.2023 13:50,01.09.2023 14:41
264868049,30,TAXI_IN,01.09.2023 14:41,01.09.2023 14:51
264868050,0,TAXI_OUT,01.09.2023 00:11,01.09.2023 00:21
264868050,1,DAAAFIR,01.09.2023 00:21,01.09.2023 00:58
264868050,2,DTTCUIR,01.09.2023 00:58,01.09.2023 01:16
264868050,3,LMMMUIR,01.09.2023 01:16,01.09.2023 02:25
264868050,4,LGGGUIR,01.09.2023 02:25,01.09.2023 02:35
264868050,5,HECCFIR,01.09.2023 02:35,01.09.2023 04:08
264868050,6,OEJDFIR,01.09.2023 04:08,01.09.2023 05:49
264868050,7,OBBBUIR,01.09.2023 05:49,01.09.2023 05:57
264868050,8,OTDFFIR,01.09.2023 05:57,01.09.2023 06:18
264868050,9,TAXI_IN,01.09.2023 06:18,01.09.2023 06:28
264868051,0,TAXI_OUT,01.09.2023 00:08,01.09.2023 00:13
264868051,1,LGGGFIR,01.09.2023 00:13,01.09.2023 00:24
264868051,2,LGGGUIR,01.09.2023 00:24,01.09.2023 01:05
264868051,3,LIBBUIR,01.09.2023 01:05,01.09.2023 01:24
264868051,4,LIRRUIR,01.09.2023 01:24,01.09.2023 02:19
264868051,5,LFFFUIR,01.09.2023 02:19,01.09.2023 02:42
264868051,6,LECBUIR,01.09.2023 02:42,01.09.2023 03:21
264868051,7,LECMUIR,01.09.2023 03:21,01.09.2023 03:32
264868051,8,LECMFIR,01.09.2023 03:32,01.09.2023 03:45
264868051,9,TAXI_IN,01.09.2023 03:45,01.09.2023 03:55
264868052,0,TAXI_OUT,01.09.2023 00:16,01.09.2023 00:26
264868052,1,LTAAFIR,01.09.2023 00:26,01.09.2023 00:44
264868052,2,LTBBFIR,01.09.2023 00:44,01.09.2023 01:17
264868052,3,TAXI_IN,01.09.2023 01:17,01.09.2023 01:27
264868053,0,TAXI_OUT,01.09.2023 00:06,01.09.2023 00:31
264868053,1,EDMMFIR,01.09.2023 00:31,01.09.2023 00:42
264868053,2,EDUUUIR,01.09.2023 00:42,01.09.2023 00:44
264868053,3,EDVVUIR,01.09.2023 00:44,01.09.2023 01:11
264868053,4,EHAAFIR,01.09.2023 01:11,01.09.2023 01:32
264868053,5,EGTTUIR,01.09.2023 01:32,01.09.2023 01:48
264868053,6,EGTTFIR,01.09.2023 01:48,01.09.2023 02:07
264868053,7,TAXI_IN,01.09.2023 02:07,01.09.2023 02:17
264868054,0,TAXI_OUT,31.08.2023 23:58,01.09.2023 00:08
264868054,1,EPWWFIR,01.09.2023 00:08,01.09.2023 00:21
264868054,2,LZBBFIR,01.09.2023 00:21,01.09.2023 00:29
264868054,3,LHCCFIR,01.09.2023 00:29,01.09.2023 00:38
264868054,4,LRBBFIR,01.09.2023 00:38,01.09.2023 01:13
264868054,5,LBSRFIR,01.09.2023 01:13,01.09.2023 01:34
264868054,6,TAXI_IN,01.09.2023 01:34,01.09.2023 01:44
264868055,0,TAXI_OUT,01.09.2023 00:26,01.09.2023 00:36
264868055,1,GMMMFIR,01.09.2023 00:36,01.09.2023 00:45
264868055,2,GMMMUIR,01.09.2023 00:45,01.09.2023 01:02
264868055,3,LECMUIR,01.09.2023 01:02,01.09.2023 01:30
264868055,4,LECBUIR,01.09.2023 01:30,01.09.2023 02:08
264868055,5,LFFFUIR,01.09.2023 02:08,01.09.2023 02:28
264868055,6,LIRRUIR,01.09.2023 02:28,01.09.2023 03:34
264868055,7,LMMMUIR,01.09.2023 03:34,01.09.2023 03:51
264868055,8,LGGGUIR,01.09.2023 03:51,01.09.2023 04:42
264868055,9,HECCFIR,01.09.2023 04:42,01.09.2023 05:33
264868055,10,TAXI_IN,01.09.2023 05:33,01.09.2023 05:43
264868056,0,TAXI_OUT,01.09.2023 00:18,01.09.2023 00:23
264868056,1,ESAAFIR,01.09.2023 00:23,01.09.2023 00:56
264868056,2,ENORFIR,01.09.2023 00:56,01.09.2023 01:09
264868056,3,TAXI_IN,01.09.2023 01:09,01.09.2023 01:19
264868057,0,TAXI_OUT,01.09.2023 00:16,01.09.2023 00:26
264868057,1,LTAAFIR,01.09.2023 00:26,01.09.2023 01:10
264868057,2,LTBBFIR,01.09.2023 01:10,01.09.2023 01:15
264868057,3,LBSRFIR,01.09.2023 01:15,01.09.2023 01:30
264868057,4,LRBBFIR,01.09.2023 01:30,01.09.2023 01:34
264868057,5,LBSRFIR,01.09.2023 01:34,01.09.2023 01:34
264868057,6,LRBBFIR,01.09.2023 01:34,01.09.2023 02:22
264868057,7,LHCCFIR,01.09.2023 02:22,01.09.2023 02:52
264868057,8,LOVVFIR,01.09.2023 02:52,01.09.2023 03:12
264868057,9,LKAAFIR,01.09.2023 03:12,01.09.2023 03:13
264868057,10,LOVVFIR,01.09.2023 03:13,01.09.2023 03:15
264868057,11,EDUUUIR,01.09.2023 03:15,01.09.2023 03:55
264868057,12,EDGGFIR,01.09.2023 03:55,01.09.2023 04:12
264868057,13,TAXI_IN,01.09.2023 04:12,01.09.2023 04:22
264868058,0,TAXI_OUT,01.09.2023 00:04,01.09.2023 00:26
264868058,1,EDGGFIR,01.09.2023 00:26,01.09.2023 00:35
264868058,2,EDVVUIR,01.09.2023 00:35,01.09.2023 01:00
264868058,3,EDUUUIR,01.09.2023 01:00,01.09.2023 01:06
264868058,4,EDVVUIR,01.09.2023 01:06,01.09.2023 01:08
264868058,5,EDWWFIR,01.09.2023 01:08,01.09.2023 01:08
264868058,6,EKDKFIR,01.09.2023 01:08,01.09.2023 01:25
264868058,7,TAXI_IN,01.09.2023 01:25,01.09.2023 01:35
264868059,0,TAXI_OUT,01.09.2023 00:38,01.09.2023 00:48
264868059,1,DAAAFIR,01.09.2023 00:48,01.09.2023 01:24
264868059,2,DTTCUIR,01.09.2023 01:24,01.09.2023 01:43
264868059,3,LMMMUIR,01.09.2023 01:43,01.09.2023 02:12
264868059,4,LIRRUIR,01.09.2023 02:12,01.09.2023 02:26
264868059,5,LIBBUIR,01.09.2023 02:26,01.09.2023 02:37
264868059,6,LGGGUIR,01.09.2023 02:37,01.09.2023 03:21
264868059,7,LGGGFIR,01.09.2023 03:21,01.09.2023 03:21
264868059,8,LTBBFIR,01.09.2023 03:21,01.09.2023 03:46
264868059,9,TAXI_IN,01.09.2023 03:46,01.09.2023 03:56
264868060,0,TAXI_OUT,01.09.2023 00:08,01.09.2023 00:43
264868060,1,KZNYFIR,01.09.2023 00:43,01.09.2023 00:47
264868060,2,KZBWFIR,01.09.2023 00:47,01.09.2023 00:51
264868060,3,KZBWUIR,01.09.2023 00:51,01.09.2023 01:25
264868060,4,CZQMFIR,01.09.2023 01:25,01.09.2023 02:11
264868060,5,CZQXFIR,01.09.2023 02:11,01.09.2023 04:15
264868060,6,EGGXFIR,01.09.2023 04:15,01.09.2023 06:01
264868060,7,EGTTUIR,01.09.2023 06:01,01.09.2023 06:04
264868060,8,LFFFUIR,01.09.2023 06:04,01.09.2023 07:20
264868060,9,LIMMUIR,01.09.2023 07:20,01.09.2023 07:45
264868060,10,LIRRUIR,01.09.2023 07:45,01.09.2023 08:00
264868060,11,LIBBUIR,01.09.2023 08:00,01.09.2023 08:39
264868060,12,LGGGUIR,01.09.2023 08:39,01.09.2023 09:03
264868060,13,LGGGFIR,01.09.2023 09:03,01.09.2023 09:23
264868060,14,TAXI_IN,01.09.2023 09:23,01.09.2023 09:33
264868061,0,TAXI_OUT,01.09.2023 00:30,01.09.2023 00:55
264868061,1,KZNYFIR,01.09.2023 00:55,01.09.2023 00:59
264868061,2,KZBWFIR,01.09.2023 00:59,01.09.2023 01:05
264868061,3,KZBWUIR,01.09.2023 01:05,01.09.2023 01:42
264868061,4,CZQMFIR,01.09.2023 01:42,01.09.2023 02:30
264868061,5,CZQXFIR,01.09.2023 02:30,01.09.2023 04:32
264868061,6,EGGXFIR,01.09.2023 04:32,01.09.2023 06:22
264868061,7,EGTTUIR,01.09.2023 06:22,01.09.2023 07:08
264868061,8,EGTTFIR,01.09.2023 07:08,01.09.2023 07:08
264868061,9,EGPXFIR,01.09.2023 07:08,01.09.2023 07:26
264868061,10,TAXI_IN,01.09.2023 07:26,01.09.2023 07:36
264868062,0,TAXI_OUT,01.09.2023 00:10,01.09.2023 00:20
264868062,1,UGGGFIR,01.09.2023 00:20,01.09.2023 00:32
264868062,2,UGGGUIR,01.09.2023 00:32,01.09.2023 00:51
264868062,3,LTAAFIR,01.09.2023 00:51,01.09.2023 01:53
264868062,4,LTBBFIR,01.09.2023 01:53,01.09.2023 01:56
264868062,5,LBSRFIR,01.09.2023 01:56,01.09.2023 02:10
264868062,6,LRBBFIR,01.09.2023 02:10,01.09.2023 02:59
264868062,7,LHCCFIR,01.09.2023 02:59,01.09.2023 03:15
264868062,8,LZBBFIR,01.09.2023 03:15,01.09.2023 03:28
264868062,9,LKAAFIR,01.09.2023 03:28,01.09.2023 04:02
264868062,10,EDUUUIR,01.09.2023 04:02,01.09.2023 04:11
264868062,11,EDMMFIR,01.09.2023 04:11,01.09.2023 04:13
264868062,12,EDGGFIR,01.09.2023 04:13,01.09.2023 04:30
264868062,13,TAXI_IN,01.09.2023 04:30,01.09.2023 04:40
264868063,0,TAXI_OUT,01.09.2023 00:23,01.09.2023 00:39
264868063,1,LTBBFIR,01.09.2023 00:39,01.09.2023 01:13
264868063,2,LTAAFIR,01.09.2023 01:13,01.09.2023 01:15
264868063,3,LTBBFIR,01.09.2023 01:15,01.09.2023 01:24
264868063,4,TAXI_IN,01.09.2023 01:24,01.09.2023 01:34
264868064,0,TAXI_OUT,01.09.2023 00:26,01.09.2023 00:36
264868064,1,BIRDFIR,01.09.2023 00:36,01.09.2023 01:30
264868064,2,EGPXUIR,01.09.2023 01:30,01.09.2023 02:39
264868064,3,EKDKFIR,01.09.2023 02:39,01.09.2023 02:56
264868064,4,EDVVUIR,01.09.2023 02:56,01.09.2023 03:16
264868064,5,EDUUUIR,01.09.2023 03:16,01.09.2023 03:36
264868064,6,LKAAFIR,01.09.2023 03:36,01.09.2023 03:37
264868064,7,EDUUUIR,01.09.2023 03:37,01.09.2023 03:37
264868064,8,LKAAFIR,01.09.2023 03:37,01.09.2023 03:57
264868064,9,LOVVFIR,01.09.2023 03:57,01.09.2023 04:09
264868064,10,TAXI_IN,01.09.2023 04:09,01.09.2023 04:19
264868065,0,TAXI_OUT,01.09.2023 00:03,01.09.2023 00:13
264868065,1,UUWVFIR,01.09.2023 00:13,01.09.2023 00:48
264868065,2,UWWWFIR,01.09.2023 00:48,01.09.2023 01:09
264868065,3,URRVFIR,01.09.2023 01:09,01.09.2023 02:39
264868065,4,UGGGUIR,01.09.2023 02:39,01.09.2023 03:00
264868065,5,LTAAFIR,01.09.2023 03:00,01.09.2023 04:45
264868065,6,TAXI_IN,01.09.2023 04:45,01.09.2023 04:55
264868066,0,TAXI_OUT,01.09.2023 01:14,01.09.2023 01:24
264868066,1,KZTLFIR,01.09.2023 01:24,01.09.2023 01:34
264868066,2,KZTLUIR,01.09.2023 01:34,01.09.2023 01:56
264868066,3,KZIDUIR,01.09.2023 01:56,01.09.2023 02:07
264868066,4,KZDCUIR,01.09.2023 02:07,01.09.2023 02:26
264868066,5,KZNYUIR,01.09.2023 02:26,01.09.2023 02:45
264868066,6,KZBWUIR,01.09.2023 02:45,01.09.2023 03:29
264868066,7,CZQMFIR,01.09.2023 03:29,01.09.2023 04:02
264868066,8,CZQXFIR,01.09.2023 04:02,01.09.2023 06:05
264868066,9,EGGXFIR,01.09.2023 06:05,01.09.2023 07:04
264868066,10,EISNUIR,01.09.2023 07:04,01.09.2023 07:45
264868066,11,EGTTUIR,01.09.2023 07:45,01.09.2023 08:20
264868066,12,EGTTFIR,01.09.2023 08:20,01.09.2023 08:22
264868066,13,EHAAFIR,01.09.2023 08:22,01.09.2023 08:41
264868066,14,TAXI_IN,01.09.2023 08:41,01.09.2023 08:51
264868067,0,TAXI_OUT,01.09.2023 00:25,01.09.2023 00:35
264868067,1,KZMAFIR,01.09.2023 00:35,01.09.2023 01:25
264868067,2,KZJXUIR,01.09.2023 01:25,01.09.2023 01:50
264868067,3,KZDCUIR,01.09.2023 01:50,01.09.2023 02:39
264868067,4,KZBWUIR,01.09.2023 02:39,01.09.2023 03:20
264868067,5,CZQMFIR,01.09.2023 03:20,01.09.2023 04:01
264868067,6,CZQXFIR,01.09.2023 04:01,01.09.2023 06:08
264868067,7,EGGXFIR,01.09.2023 06:08,01.09.2023 07:14
264868067,8,EISNUIR,01.09.2023 07:14,01.09.2023 07:54
264868067,9,EGTTUIR,01.09.2023 07:54,01.09.2023 08:12
264868067,10,EGTTFIR,01.09.2023 08:12,01.09.2023 08:40
264868067,11,TAXI_IN,01.09.2023 08:40,01.09.2023 08:50
264868068,0,TAXI_OUT,01.09.2023 00:10,01.09.2023 00:30
264868068,1,LIMMFIR,01.09.2023 00:30,01.09.2023 00:37
264868068,2,LIMMUIR,01.09.2023 00:37,01.09.2023 00:44
264868068,3,LFFFUIR,01.09.2023 00:44,01.09.2023 01:40
264868068,4,LECMUIR,01.09.2023 01:40,01.09.2023 01:45
264868068,5,LECMFIR,01.09.2023 01:45,01.09.2023 02:03
264868068,6,TAXI_IN,01.09.2023 02:03,01.09.2023 02:13
264868069,0,TAXI_OUT,01.09.2023 00:31,01.09.2023 00:46
264868069,1,UGGGFIR,01.09.2023 00:46,01.09.2023 00:58
264868069,2,UGGGUIR,01.09.2023 00:58,01.09.2023 01:17
264868069,3,LTAAFIR,01.09.2023 01:17,01.09.2023 02:21
264868069,4,LTBBFIR,01.09.2023 02:21,01.09.2023 02:26
264868069,5,LBSRFIR,01.09.2023 02:26,01.09.2023 02:38
264868069,6,LRBBFIR,01.09.2023 02:38,01.09.2023 03:29
264868069,7,LHCCFIR,01.09.2023 03:29,01.09.2023 03:35
264868069,8,LZBBFIR,01.09.2023 03:35,01.09.2023 03:44
264868069,9,EPWWFIR,01.09.2023 03:44,01.09.2023 04:14
264868069,10,TAXI_IN,01.09.2023 04:14,01.09.2023 04:24
264868070,0,TAXI_OUT,01.09.2023 00:35,01.09.2023 01:00
264868070,1,KZAUFIR,01.09.2023 01:00,01.09.2023 01:08
264868070,2,KZAUUIR,01.09.2023 01:08,01.09.2023 01:20
264868070,3,KZOBUIR,01.09.2023 01:20,01.09.2023 01:31
264868070,4,CZYZFIR,01.09.2023 01:31,01.09.2023 01:49
264868070,5,KZOBUIR,01.09.2023 01:49,01.09.2023 02:03
264868070,6,KZBWUIR,01.09.2023 02:03,01.09.2023 02:51
264868070,7,CZQMFIR,01.09.2023 02:51,01.09.2023 03:27
264868070,8,CZQXFIR,01.09.2023 03:27,01.09.2023 05:29
264868070,9,EGGXFIR,01.09.2023 05:29,01.09.2023 06:31
264868070,10,EISNUIR,01.09.2023 06:31,01.09.2023 07:06
264868070,11,EGTTUIR,01.09.2023 07:06,01.09.2023 07:25
264868070,12,LFFFUIR,01.09.2023 07:25,01.09.2023 08:22
264868070,13,LFEEFIR,01.09.2023 08:22,01.09.2023 08:23
264868070,14,EDGGFIR,01.09.2023 08:23,01.09.2023 08:24
264868070,15,LSASFIR,01.09.2023 08:24,01.09.2023 08:44
264868070,16,TAXI_IN,01.09.2023 08:44,01.09.2023 08:54
264868071,0,TAXI_OUT,01.09.2023 00:43,01.09.2023 00:53
264868071,1,KZLAFIR,01.09.2023 00:53,01.09.2023 01:06
264868071,2,KZLAUIR,01.09.2023 01:06,01.09.2023 01:42
264868071,3,KZLCUIR,01.09.2023 01:42,01.09.2023 02:34
264868071,4,KZDVUIR,01.09.2023 02:34,01.09.2023 02:50
264868071,5,KZLCUIR,01.09.2023 02:50,01.09.2023 03:03
264868071,6,KZMPUIR,01.09.2023 03:03,01.09.2023 03:29
264868071,7,CZWGFIR,01.09.2023 03:29,01.09.2023 05:07
264868071,8,CZULFIR,01.09.2023 05:07,01.09.2023 06:13
264868071,9,CZQXFIR,01.09.2023 06:13,01.09.2023 06:45
264868071,10,BGGLFIR,01.09.2023 06:45,01.09.2023 07:31
264868071,11,CZQXFIR,01.09.2023 07:31,01.09.2023 07:37
264868071,12,BIRDFIR,01.09.2023 07:37,01.09.2023 08:31
264868071,13,EGGXFIR,01.09.2023 08:31,01.09.2023 09:10
264868071,14,EGPXUIR,01.09.2023 09:10,01.09.2023 09:47
264868071,15,EGTTUIR,01.09.2023 09:47,01.09.2023 10:15
264868071,16,EHAAFIR,01.09.2023 10:15,01.09.2023 10:32
264868071,17,EDVVUIR,01.09.2023 10:32,01.09.2023 10:40
264868071,18,EDUUUIR,01.09.2023 10:40,01.09.2023 10:57
264868071,19,EDMMFIR,01.09.2023 10:57,01.09.2023 11:18
264868071,20,TAXI_IN,01.09.2023 11:18,01.09.2023 11:28
264868072,0,TAXI_OUT,01.09.2023 00:26,01.09.2023 00:26
264868072,1,UCFMFIR,01.09.2023 00:26,01.09.2023 00:37
264868072,2,UAIIFIR,01.09.2023 00:37,01.09.2023 01:29
264868072,3,UTTRFIR,01.09.2023 01:29,01.09.2023 02:07
264868072,4,UTATFIR,01.09.2023 02:07,01.09.2023 02:31
264868072,5,UTAKFIR,01.09.2023 02:31,01.09.2023 03:05
264868072,6,UBBAFIR,01.09.2023 03:05,01.09.2023 03:37
264868072,7,UGGGUIR,01.09.2023 03:37,01.09.2023 04:12
264868072,8,LTAAFIR,01.09.2023 04:12,01.09.2023 05:19
264868072,9,LTBBFIR,01.09.2023 05:19,01.09.2023 05:49
264868072,10,TAXI_IN,01.09.2023 05:49,01.09.2023 05:59
264868073,0,TAXI_OUT,01.09.2023 00:02,01.09.2023 00:18
264868073,1,LTAAFIR,01.09.2023 00:18,01.09.2023 01:21
264868073,2,LTBBFIR,01.09.2023 01:21,01.09.2023 01:25
264868073,3,LBSRFIR,01.09.2023 01:25,01.09.2023 01:39
264868073,4,LRBBFIR,01.09.2023 01:39,01.09.2023 01:43
264868073,5,LBSRFIR,01.09.2023 01:43,01.09.2023 01:44
264868073,6,LRBBFIR,01.09.2023 01:44,01.09.2023 02:30
264868073,7,LHCCFIR,01.09.2023 02:30,01.09.2023 02:59
264868073,8,LOVVFIR,01.09.2023 02:59,01.09.2023 03:18
264868073,9,LKAAFIR,01.09.2023 03:18,01.09.2023 03:20
264868073,10,LOVVFIR,01.09.2023 03:20,01.09.2023 03:22
264868073,11,EDUUUIR,01.09.2023 03:22,01.09.2023 03:55
264868073,12,EDGGFIR,01.09.2023 03:55,01.09.2023 04:15
264868073,13,TAXI_IN,01.09.2023 04:15,01.09.2023 04:25
264868074,0,TAXI_OUT,01.09.2023 00:17,01.09.2023 00:32
264868074,1,HECCFIR,01.09.2023 00:32,01.09.2023 01:19
264868074,2,LGGGUIR,01.09.2023 01:19,01.09.2023 02:19
264868074,3,LAAAFIR,01.09.2023 02:19,01.09.2023 02:33
264868074,4,LYBAUIR,01.09.2023 02:33,01.09.2023 02:38
264868074,5,LDZOFIR,01.09.2023 02:38,01.09.2023 03:13
264868074,6,LIMMUIR,01.09.2023 03:13,01.09.2023 03:49
264868074,7,LSASUIR,01.09.2023 03:49,01.09.2023 03:59
264868074,8,LFFFUIR,01.09.2023 03:59,01.09.2023 04:16
264868074,9,LFFFFIR,01.09.2023 04:16,01.09.2023 04:39
264868074,10,TAXI_IN,01.09.2023 04:39,01.09.2023 04:49
264868075,0,TAXI_OUT,01.09.2023 00:31,01.09.2023 00:41
264868075,1,GMMMFIR,01.09.2023 00:41,01.09.2023 00:51
264868075,2,GMMMUIR,01.09.2023 00:51,01.09.2023 01:31
264868075,3,GOOOUIR,01.09.2023 01:31,01.09.2023 03:01
264868075,4,DRRRUIR,01.09.2023 03:01,01.09.2023 03:51
264868075,5,DGACFIR,01.09.2023 03:51,01.09.2023 04:39
264868075,6,TAXI_IN,01.09.2023 04:39,01.09.2023 04:49
264868076,0,TAXI_OUT,01.09.2023 00:23,01.09.2023 00:33
264868076,1,EDGGFIR,01.09.2023 00:33,01.09.2023 00:45
264868076,2,EDUUUIR,01.09.2023 00:45,01.09.2023 01:10
264868076,3,LOVVFIR,01.09.2023 01:10,01.09.2023 01:27
264868076,4,LHCCFIR,01.09.2023 01:27,01.09.2023 01:41
264868076,5,LDZOFIR,01.09.2023 01:41,01.09.2023 01:45
264868076,6,LYBAUIR,01.09.2023 01:45,01.09.2023 01:46
264868076,7,LDZOFIR,01.09.2023 01:46,01.09.2023 01:48
264868076,8,LYBAUIR,01.09.2023 01:48,01.09.2023 02:13
264868076,9,LBSRFIR,01.09.2023 02:13,01.09.2023 02:29
264868076,10,LGGGUIR,01.09.2023 02:29,01.09.2023 02:38
264868076,11,LTBBFIR,01.09.2023 02:38,01.09.2023 03:12
264868076,12,LTAAFIR,01.09.2023 03:12,01.09.2023 03:27
264868076,13,TAXI_IN,01.09.2023 03:27,01.09.2023 03:37
264868077,0,TAXI_OUT,01.09.2023 01:33,01.09.2023 01:33
264868077,1,CZULFIR,01.09.2023 01:33,01.09.2023 01:59
264868077,2,KZBWUIR,01.09.2023 01:59,01.09.2023 02:12
264868077,3,CZQMFIR,01.09.2023 02:12,01.09.2023 02:45
264868077,4,CZQXFIR,01.09.2023 02:45,01.09.2023 04:56
264868077,5,EGGXFIR,01.09.2023 04:56,01.09.2023 06:41
264868077,6,EGTTUIR,01.09.2023 06:41,01.09.2023 06:45
264868077,7,LFFFUIR,01.09.2023 06:45,01.09.2023 07:53
264868077,8,LFMMFIR,01.09.2023 07:53,01.09.2023 08:13
264868077,9,TAXI_IN,01.09.2023 08:13,01.09.2023 08:23
264868078,0,TAXI_OUT,01.09.2023 00:41,01.09.2023 00:51
264868078,1,GMMMFIR,01.09.2023 00:51,01.09.2023 01:04
264868078,2,GMMMUIR,01.09.2023 01:04,01.09.2023 01:14
264868078,3,LECMUIR,01.09.2023 01:14,01.09.2023 02:15
264868078,4,LFFFUIR,01.09.2023 02:15,01.09.2023 02:59
264868078,5,LSASUIR,01.09.2023 02:59,01.09.2023 03:10
264868078,6,EDUUUIR,01.09.2023 03:10,01.09.2023 03:22
264868078,7,EDGGFIR,01.09.2023 03:22,01.09.2023 03:43
264868078,8,TAXI_IN,01.09.2023 03:43,01.09.2023 03:53
264868079,0,TAXI_OUT,31.08.2023 23:57,01.09.2023 00:07
264868079,1,TJZSFIR,01.09.2023 00:07,01.09.2023 00:50
264868079,2,KZWYFIR,01.09.2023 00:50,01.09.2023 03:35
264868079,3,LPPOFIR,01.09.2023 03:35,01.09.2023 06:26
264868079,4,LPPCFIR,01.09.2023 06:26,01.09.2023 07:18
264868079,5,LECMUIR,01.09.2023 07:18,01.09.2023 07:33
264868079,6,LECMFIR,01.09.2023 07:33,01.09.2023 07:49
264868079,7,TAXI_IN,01.09.2023 07:49,01.09.2023 07:59
264868080,0,TAXI_OUT,01.09.2023 00:12,01.09.2023 00:47
264868080,1,KZNYFIR,01.09.2023 00:47,01.09.2023 00:52
264868080,2,KZBWFIR,01.09.2023 00:52,01.09.2023 00:56
264868080,3,KZBWUIR,01.09.2023 00:56,01.09.2023 01:40
264868080,4,CZQMFIR,01.09.2023 01:40,01.09.2023 01:40
264868080,5,KZBWUIR,01.09.2023 01:40,01.09.2023 01:40
264868080,6,CZQMFIR,01.09.2023 01:40,01.09.2023 02:09
264868080,7,CZULFIR,01.09.2023 02:09,01.09.2023 02:19
264868080,8,CZQXFIR,01.09.2023 02:19,01.09.2023 02:30
264868080,9,CZULFIR,01.09.2023 02:30,01.09.2023 02:43
264868080,10,CZQXFIR,01.09.2023 02:43,01.09.2023 04:27
264868080,11,EGGXFIR,01.09.2023 04:27,01.09.2023 05:46
264868080,12,EGPXUIR,01.09.2023 05:46,01.09.2023 05:53
264868080,13,EISNUIR,01.09.2023 05:53,01.09.2023 05:58
264868080,14,EGPXUIR,01.09.2023 05:58,01.09.2023 06:07
264868080,15,EGTTUIR,01.09.2023 06:07,01.09.2023 06:46
264868080,16,EHAAFIR,01.09.2023 06:46,01.09.2023 07:03
264868080,17,EDVVUIR,01.09.2023 07:03,01.09.2023 07:18
264868080,18,EDUUUIR,01.09.2023 07:18,01.09.2023 07:42
264868080,19,LOVVFIR,01.09.2023 07:42,01.09.2023 07:57
264868080,20,LHCCFIR,01.09.2023 07:57,01.09.2023 08:12
264868080,21,LYBAFIR,01.09.2023 08:12,01.09.2023 08:30
264868080,22,TAXI_IN,01.09.2023 08:30,01.09.2023 08:40
264868081,0,TAXI_OUT,01.09.2023 00:07,01.09.2023 00:17
264868081,1,GCCCFIR,01.09.2023 00:17,01.09.2023 00:28
264868081,2,GCCCUIRN,01.09.2023 00:28,01.09.2023 00:47
264868081,3,GMMMUIR,01.09.2023 00:47,01.09.2023 01:27
264868081,4,LPPCFIR,01.09.2023 01:27,01.09.2023 02:17
264868081,5,LECMUIR,01.09.2023 02:17,01.09.2023 02:38
264868081,6,LFFFUIR,01.09.2023 02:38,01.09.2023 03:15
264868081,7,EGTTUIR,01.09.2023 03:15,01.09.2023 03:20
264868081,8,EGTTFIR,01.09.2023 03:20,01.09.2023 03:38
264868081,9,TAXI_IN,01.09.2023 03:38,01.09.2023 03:48
264868082,0,TAXI_OUT,01.09.2023 00:14,01.09.2023 00:36
264868082,1,EDGGFIR,01.09.2023 00:36,01.09.2023 00:46
264868082,2,EBURUIR,01.09.2023 00:46,01.09.2023 00:56
264868082,3,LFFFUIR,01.09.2023 00:56,01.09.2023 02:10
264868082,4,LECMUIR,01.09.2023 02:10,01.09.2023 02:30
264868082,5,LECMFIR,01.09.2023 02:30,01.09.2023 02:51
264868082,6,TAXI_IN,01.09.2023 02:51,01.09.2023 03:01
264868083,0,TAXI_OUT,01.09.2023 00:16,01.09.2023 00:31
264868083,1,EPWWFIR,01.09.2023 00:31,01.09.2023 01:02
264868083,2,LZBBFIR,01.09.2023 01:02,01.09.2023 01:03
264868083,3,EPWWFIR,01.09.2023 01:03,01.09.2023 01:04
264868083,4,LZBBFIR,01.09.2023 01:04,01.09.2023 01:10
264868083,5,LHCCFIR,01.09.2023 01:10,01.09.2023 01:22
264868083,6,LRBBFIR,01.09.2023 01:22,01.09.2023 01:53
264868083,7,LBSRFIR,01.09.2023 01:53,01.09.2023 02:12
264868083,8,LTBBFIR,01.09.2023 02:12,01.09.2023 02:55
264868083,9,LTAAFIR,01.09.2023 02:55,01.09.2023 03:13
264868083,10,TAXI_IN,01.09.2023 03:13,01.09.2023 03:23
264868084,0,TAXI_OUT,01.09.2023 00:25,01.09.2023 00:35
264868084,1,KZLAFIR,01.09.2023 00:35,01.09.2023 00:46
264868084,2,KZLAUIR,01.09.2023 00:46,01.09.2023 01:25
264868084,3,KZLCUIR,01.09.2023 01:25,01.09.2023 02:28
264868084,4,KZDVUIR,01.09.2023 02:28,01.09.2023 02:33
264868084,5,KZLCUIR,01.09.2023 02:33,01.09.2023 02:47
264868084,6,KZMPUIR,01.09.2023 02:47,01.09.2023 03:10
264868084,7,CZWGFIR,01.09.2023 03:10,01.09.2023 04:45
264868084,8,CZULFIR,01.09.2023 04:45,01.09.2023 05:56
264868084,9,CZQXFIR,01.09.2023 05:56,01.09.2023 06:28
264868084,10,BGGLFIR,01.09.2023 06:28,01.09.2023 07:08
264868084,11,CZQXFIR,01.09.2023 07:08,01.09.2023 07:43
264868084,12,EGGXFIR,01.09.2023 07:43,01.09.2023 08:55
264868084,13,EGPXUIR,01.09.2023 08:55,01.09.2023 09:34
264868084,14,EGTTUIR,01.09.2023 09:34,01.09.2023 09:57
264868084,15,EHAAFIR,01.09.2023 09:57,01.09.2023 10:12
264868084,16,EDVVUIR,01.09.2023 10:12,01.09.2023 10:22
264868084,17,EDUUUIR,01.09.2023 10:22,01.09.2023 10:40
264868084,18,EDMMFIR,01.09.2023 10:40,01.09.2023 10:59
264868084,19,TAXI_IN,01.09.2023 10:59,01.09.2023 11:09
264868085,0,TAXI_OUT,01.09.2023 00:18,01.09.2023 00:28
264868085,1,KZLAFIR,01.09.2023 00:28,01.09.2023 00:34
264868085,2,KZLAUIR,01.09.2023 00:34,01.09.2023 01:11
264868085,3,KZLCUIR,01.09.2023 01:11,01.09.2023 01:59
264868085,4,KZDVUIR,01.09.2023 01:59,01.09.2023 02:27
264868085,5,KZMPUIR,01.09.2023 02:27,01.09.2023 03:15
264868085,6,CZWGFIR,01.09.2023 03:15,01.09.2023 04:45
264868085,7,CZULFIR,01.09.2023 04:45,01.09.2023 06:09
264868085,8,CZEGFIR,01.09.2023 06:09,01.09.2023 06:16
264868085,9,BGGLFIR,01.09.2023 06:16,01.09.2023 07:36
264868085,10,BIRDFIR,01.09.2023 07:36,01.09.2023 08:49
264868085,11,EGPXUIR,01.09.2023 08:49,01.09.2023 09:38
264868085,12,EGTTUIR,01.09.2023 09:38,01.09.2023 10:00
264868085,13,EGTTFIR,01.09.2023 10:00,01.09.2023 10:24
264868085,14,TAXI_IN,01.09.2023 10:24,01.09.2023 10:34
264868086,0,TAXI_OUT,01.09.2023 00:24,01.09.2023 00:52
264868086,1,KZNYFIR,01.09.2023 00:52,01.09.2023 00:56
264868086,2,KZBWFIR,01.09.2023 00:56,01.09.2023 01:00
264868086,3,KZBWUIR,01.09.2023 01:00,01.09.2023 01:32
264868086,4,CZQMFIR,01.09.2023 01:32,01.09.2023 02:22
264868086,5,CZQXFIR,01.09.2023 02:22,01.09.2023 04:25
264868086,6,EGGXFIR,01.09.2023 04:25,01.09.2023 06:10
264868086,7,EGTTUIR,01.09.2023 06:10,01.09.2023 06:22
264868086,8,LFFFUIR,01.09.2023 06:22,01.09.2023 07:24
264868086,9,EDUUUIR,01.09.2023 07:24,01.09.2023 07:25
264868086,10,LSASUIR,01.09.2023 07:25,01.09.2023 07:35
264868086,11,LIMMUIR,01.09.2023 07:35,01.09.2023 07:35
264868086,12,LSASUIR,01.09.2023 07:35,01.09.2023 07:36
264868086,13,LIMMUIR,01.09.2023 07:36,01.09.2023 07:39
264868086,14,LIMMFIR,01.09.2023 07:39,01.09.2023 07:55
264868086,15,TAXI_IN,01.09.2023 07:55,01.09.2023 08:05
264868087,0,TAXI_OUT,01.09.2023 00:26,01.09.2023 00:49
264868087,1,KZFWFIR,01.09.2023 00:49,01.09.2023 00:56
264868087,2,KZFWUIR,01.09.2023 00:56,01.09.2023 01:15
264868087,3,KZMEUIR,01.09.2023 01:15,01.09.2023 02:04
264868087,4,KZIDUIR,01.09.2023 02:04,01.09.2023 02:34
264868087,5,KZOBUIR,01.09.2023 02:34,01.09.2023 02:49
264868087,6,KZNYUIR,01.09.2023 02:49,01.09.2023 03:07
264868087,7,KZBWUIR,01.09.2023 03:07,01.09.2023 03:44
264868087,8,CZQMFIR,01.09.2023 03:44,01.09.2023 04:29
264868087,9,CZQXFIR,01.09.2023 04:29,01.09.2023 06:26
264868087,10,EGGXFIR,01.09.2023 06:26,01.09.2023 08:07
264868087,11,EGTTUIR,01.09.2023 08:07,01.09.2023 08:51
264868087,12,EBURUIR,01.09.2023 08:51,01.09.2023 09:10
264868087,13,EDVVUIR,01.09.2023 09:10,01.09.2023 09:11
264868087,14,EDUUUIR,01.09.2023 09:11,01.09.2023 09:12
264868087,15,EDGGFIR,01.09.2023 09:12,01.09.2023 09:34
264868087,16,TAXI_IN,01.09.2023 09:34,01.09.2023 09:44
264868088,0,TAXI_OUT,01.09.2023 00:12,01.09.2023 00:23
264868088,1,LDZOFIR,01.09.2023 00:23,01.09.2023 00:34
264868088,2,LQSBUIR,01.09.2023 00:34,01.09.2023 00:36
264868088,3,LDZOFIR,01.09.2023 00:36,01.09.2023 00:47
264868088,4,LHCCFIR,01.09.2023 00:47,01.09.2023 01:00
264868088,5,LZBBFIR,01.09.2023 01:00,01.09.2023 01:13
264868088,6,LKAAFIR,01.09.2023 01:13,01.09.2023 01:21
264868088,7,EPWWFIR,01.09.2023 01:21,01.09.2023 01:41
264868088,8,TAXI_IN,01.09.2023 01:41,01.09.2023 01:51
264868089,0,TAXI_OUT,01.09.2023 00:07,01.09.2023 00:17
264868089,1,BIRDFIR,01.09.2023 00:17,01.09.2023 01:11
264868089,2,EGPXUIR,01.09.2023 01:11,01.09.2023 02:18
264868089,3,EKDKFIR,01.09.2023 02:18,01.09.2023 02:53
264868089,4,EDUUUIR,01.09.2023 02:53,01.09.2023 03:03
264868089,5,EPWWFIR,01.09.2023 03:03,01.09.2023 03:46
264868089,6,TAXI_IN,01.09.2023 03:46,01.09.2023 03:56
264868090,0,TAXI_OUT,01.09.2023 00:32,01.09.2023 00:47
264868090,1,HECCFIR,01.09.2023 00:47,01.09.2023 01:44
264868090,2,LCCCFIR,01.09.2023 01:44,01.09.2023 01:55
264868090,3,LGGGUIR,01.09.2023 01:55,01.09.2023 03:11
264868090,4,LBSRFIR,01.09.2023 03:11,01.09.2023 03:25
264868090,5,LYBAUIR,01.09.2023 03:25,01.09.2023 03:42
264868090,6,LRBBFIR,01.09.2023 03:42,01.09.2023 03:43
264868090,7,LYBAUIR,01.09.2023 03:43,01.09.2023 03:44
264868090,8,LRBBFIR,01.09.2023 03:44,01.09.2023 03:44
264868090,9,LYBAUIR,01.09.2023 03:44,01.09.2023 03:46
264868090,10,LRBBFIR,01.09.2023 03:46,01.09.2023 03:56
264868090,11,LHCCFIR,01.09.2023 03:56,01.09.2023 04:20
264868090,12,TAXI_IN,01.09.2023 04:20,01.09.2023 04:30
264868091,0,TAXI_OUT,01.09.2023 00:08,01.09.2023 00:18
264868091,1,DTTCFIR,01.09.2023 00:18,01.09.2023 00:30
264868091,2,LIRRUIR,01.09.2023 00:30,01.09.2023 00:32
264868091,3,LMMMUIR,01.09.2023 00:32,01.09.2023 01:05
264868091,4,HLLLFIR,01.09.2023 01:05,01.09.2023 01:43
264868091,5,TAXI_IN,01.09.2023 01:43,01.09.2023 01:53
264868092,0,TAXI_OUT,01.09.2023 00:24,01.09.2023 00:34
264868092,1,GMMMFIR,01.09.2023 00:34,01.09.2023 00:45
264868092,2,GMMMUIR,01.09.2023 00:45,01.09.2023 01:25
264868092,3,GOOOUIR,01.09.2023 01:25,01.09.2023 02:56
264868092,4,DRRRUIR,01.09.2023 02:56,01.09.2023 03:49
264868092,5,DGACFIR,01.09.2023 03:49,01.09.2023 04:28
264868092,6,DNKKFIR,01.09.2023 04:28,01.09.2023 04:42
264868092,7,TAXI_IN,01.09.2023 04:42,01.09.2023 04:52
