FLIGHT_ID,trajectory_array
264867988,"[('TAXI_OUT', '01.09.2023 00:10', '01.09.2023 00:20'), ('KZLAFIR', '01.09.2023 00:20', '01.09.2023 00:29'), ('KZLAUIR', '01.09.2023 00:29', '01.09.2023 01:06'), ('KZLCUIR', '01.09.2023 01:06', '01.09.2023 02:14'), ('KZDVUIR', '01.09.2023 02:14', '01.09.2023 02:14'), ('KZLCUIR', '01.09.2023 02:14', '01.09.2023 02:33'), ('KZMPUIR', '01.09.2023 02:33', '01.09.2023 02:53'), ('CZWGFIR', '01.09.2023 02:53', '01.09.2023 04:42'), ('CZULFIR', '01.09.2023 04:42', '01.09.2023 05:51'), ('CZQXFIR', '01.09.2023 05:51', '01.09.2023 06:15'), ('BGGLFIR', '01.09.2023 06:15', '01.09.2023 07:22'), ('BIRDFIR', '01.09.2023 07:22', '01.09.2023 08:35'), ('EGGXFIR', '01.09.2023 08:35', '01.09.2023 08:57'), ('EGPXUIR', '01.09.2023 08:57', '01.09.2023 09:30'), ('EGTTUIR', '01.09.2023 09:30', '01.09.2023 10:13'), ('LFFFUIR', '01.09.2023 10:13', '01.09.2023 10:19'), ('LFFFFIR', '01.09.2023 10:19', '01.09.2023 10:40'), ('TAXI_IN', '01.09.2023 10:40', '01.09.2023 10:50')]"
264867989,"[('TAXI_OUT', '31.08.2023 23:34', '01.09.2023 00:28'), ('KZNYFIR', '01.09.2023 00:28', '01.09.2023 00:32'), ('KZBWFIR', '01.09.2023 00:32', '01.09.2023 00:38'), ('KZBWUIR', '01.09.2023 00:38', '01.09.2023 01:09'), ('CZQMFIR', '01.09.2023 01:09', '01.09.2023 01:58'), ('CZQXFIR', '01.09.2023 01:58', '01.09.2023 03:58'), ('EGGXFIR', '01.09.2023 03:58', '01.09.2023 05:40'), ('EGTTUIR', '01.09.2023 05:40', '01.09.2023 05:50'), ('LFFFUIR', '01.09.2023 05:50', '01.09.2023 06:51'), ('EDUUUIR', '01.09.2023 06:51', '01.09.2023 06:52'), ('LSASUIR', '01.09.2023 06:52', '01.09.2023 07:03'), ('LSASFIR', '01.09.2023 07:03', '01.09.2023 07:05'), ('LIMMFIR', '01.09.2023 07:05', '01.09.2023 07:24'), ('TAXI_IN', '01.09.2023 07:24', '01.09.2023 07:34')]"
264867991,"[('TAXI_OUT', '31.08.2023 23:53', '01.09.2023 00:03'), ('KZOAFIR', '01.09.2023 00:03', '01.09.2023 00:36'), ('KZLCUIR', '01.09.2023 00:36', '01.09.2023 02:02'), ('CZWGFIR', '01.09.2023 02:02', '01.09.2023 04:02'), ('CZULFIR', '01.09.2023 04:02', '01.09.2023 05:05'), ('CZQXFIR', '01.09.2023 05:05', '01.09.2023 05:37'), ('BGGLFIR', '01.09.2023 05:37', '01.09.2023 06:16'), ('CZQXFIR', '01.09.2023 06:16', '01.09.2023 06:53'), ('EGGXFIR', '01.09.2023 06:53', '01.09.2023 08:12'), ('EGPXUIR', '01.09.2023 08:12', '01.09.2023 08:17'), ('EISNUIR', '01.09.2023 08:17', '01.09.2023 08:21'), ('EGPXUIR', '01.09.2023 08:21', '01.09.2023 08:24'), ('EISNUIR', '01.09.2023 08:24', '01.09.2023 08:34'), ('EGTTUIR', '01.09.2023 08:34', '01.09.2023 08:44'), ('EGTTFIR', '01.09.2023 08:44', '01.09.2023 09:01'), ('TAXI_IN', '01.09.2023 09:01', '01.09.2023 09:11')]"
264867992,"[('TAXI_OUT', '01.09.2023 01:12', '01.09.2023 01:22'), ('MMFRFIR', '01.09.2023 01:22', '01.09.2023 02:19'), ('KZHUFIR', '01.09.2023 02:19', '01.09.2023 03:19'), ('KZTLUIR', '01.09.2023 03:19', '01.09.2023 04:11'), ('KZDCUIR', '01.09.2023 04:11', '01.09.2023 04:50'), ('KZBWUIR', '01.09.2023 04:50', '01.09.2023 04:52'), ('KZNYUIR', '01.09.2023 04:52', '01.09.2023 04:55'), ('KZBWUIR', '01.09.2023 04:55', '01.09.2023 05:24'), ('CZQMFIR', '01.09.2023 05:24', '01.09.2023 06:14'), ('CZQXFIR', '01.09.2023 06:14', '01.09.2023 08:09'), ('EGGXFIR', '01.09.2023 08:09', '01.09.2023 09:54'), ('EGTTUIR', '01.09.2023 09:54', '01.09.2023 10:06'), ('LFFFUIR', '01.09.2023 10:06', '01.09.2023 10:36'), ('LFFFFIR', '01.09.2023 10:36', '01.09.2023 10:55'), ('TAXI_IN', '01.09.2023 10:55', '01.09.2023 11:05')]"
264867993,"[('TAXI_OUT', '01.09.2023 00:24', '01.09.2023 00:34'), ('VHHKFIR', '01.09.2023 00:34', '01.09.2023 00:44'), ('ZGZUFIR', '01.09.2023 00:44', '01.09.2023 01:36'), ('ZPKMFIR', '01.09.2023 01:36', '01.09.2023 02:43'), ('ZLHWFIR', '01.09.2023 02:43', '01.09.2023 04:19'), ('ZWUQFIR', '01.09.2023 04:19', '01.09.2023 05:47'), ('UAAAFIR', '01.09.2023 05:47', '01.09.2023 06:28'), ('UAIIFIR', '01.09.2023 06:28', '01.09.2023 07:21'), ('UTTRFIR', '01.09.2023 07:21', '01.09.2023 07:59'), ('UTATFIR', '01.09.2023 07:59', '01.09.2023 08:23'), ('UTAKFIR', '01.09.2023 08:23', '01.09.2023 08:51'), ('UBBAFIR', '01.09.2023 08:51', '01.09.2023 09:21'), ('UGGGUIR', '01.09.2023 09:21', '01.09.2023 09:52'), ('LTAAFIR', '01.09.2023 09:52', '01.09.2023 10:58'), ('LTBBFIR', '01.09.2023 10:58', '01.09.2023 11:02'), ('LBSRFIR', '01.09.2023 11:02', '01.09.2023 11:16'), ('LRBBFIR', '01.09.2023 11:16', '01.09.2023 11:20'), ('LBSRFIR', '01.09.2023 11:20', '01.09.2023 11:20'), ('LRBBFIR', '01.09.2023 11:20', '01.09.2023 12:02'), ('LHCCFIR', '01.09.2023 12:02', '01.09.2023 12:28'), ('LOVVFIR', '01.09.2023 12:28', '01.09.2023 12:45'), ('LKAAFIR', '01.09.2023 12:45', '01.09.2023 12:46'), ('LOVVFIR', '01.09.2023 12:46', '01.09.2023 12:48'), ('EDUUUIR', '01.09.2023 12:48', '01.09.2023 13:27'), ('EDVVUIR', '01.09.2023 13:27', '01.09.2023 13:33'), ('EHAAFIR', '01.09.2023 13:33', '01.09.2023 13:35'), ('EBURUIR', '01.09.2023 13:35', '01.09.2023 13:43'), ('EHAAFIR', '01.09.2023 13:43', '01.09.2023 13:47'), ('EBURUIR', '01.09.2023 13:47', '01.09.2023 13:48'), ('EHAAFIR', '01.09.2023 13:48', '01.09.2023 13:54'), ('EGTTUIR', '01.09.2023 13:54', '01.09.2023 13:58'), ('EGTTFIR', '01.09.2023 13:58', '01.09.2023 14:23'), ('TAXI_IN', '01.09.2023 14:23', '01.09.2023 14:33')]"
264867994,"[('TAXI_OUT', '31.08.2023 23:54', '01.09.2023 00:04'), ('GCCCFIR', '01.09.2023 00:04', '01.09.2023 00:14'), ('GCCCUIRN', '01.09.2023 00:14', '01.09.2023 00:19'), ('GMMMUIR', '01.09.2023 00:19', '01.09.2023 00:59'), ('LPPCFIR', '01.09.2023 00:59', '01.09.2023 01:43'), ('LECMUIR', '01.09.2023 01:43', '01.09.2023 02:03'), ('EGGXFIR', '01.09.2023 02:03', '01.09.2023 02:46'), ('EISNUIR', '01.09.2023 02:46', '01.09.2023 03:10'), ('EGPXUIR', '01.09.2023 03:10', '01.09.2023 03:14'), ('EGPXFIR', '01.09.2023 03:14', '01.09.2023 03:15'), ('EGTTFIR', '01.09.2023 03:15', '01.09.2023 03:19'), ('EGPXFIR', '01.09.2023 03:19', '01.09.2023 03:33'), ('TAXI_IN', '01.09.2023 03:33', '01.09.2023 03:43')]"
264867995,"[('TAXI_OUT', '01.09.2023 00:23', '01.09.2023 00:23'), ('CZQMFIR', '01.09.2023 00:23', '01.09.2023 00:53'), ('CZQXFIR', '01.09.2023 00:53', '01.09.2023 02:56'), ('EGGXFIR', '01.09.2023 02:56', '01.09.2023 04:08'), ('EISNUIR', '01.09.2023 04:08', '01.09.2023 04:38'), ('EGTTUIR', '01.09.2023 04:38', '01.09.2023 05:21'), ('EBURUIR', '01.09.2023 05:21', '01.09.2023 05:41'), ('EDVVUIR', '01.09.2023 05:41', '01.09.2023 05:41'), ('EDUUUIR', '01.09.2023 05:41', '01.09.2023 05:42'), ('EDGGFIR', '01.09.2023 05:42', '01.09.2023 06:04'), ('TAXI_IN', '01.09.2023 06:04', '01.09.2023 06:14')]"
264867996,"[('TAXI_OUT', '31.08.2023 23:40', '01.09.2023 00:17'), ('KZMAFIR', '01.09.2023 00:17', '01.09.2023 01:02'), ('KZWYFIR', '01.09.2023 01:02', '01.09.2023 05:27'), ('LPPOFIR', '01.09.2023 05:27', '01.09.2023 05:50'), ('CZQXFIR', '01.09.2023 05:50', '01.09.2023 06:29'), ('EGGXFIR', '01.09.2023 06:29', '01.09.2023 08:14'), ('EGTTUIR', '01.09.2023 08:14', '01.09.2023 08:41'), ('EGTTFIR', '01.09.2023 08:41', '01.09.2023 09:10'), ('TAXI_IN', '01.09.2023 09:10', '01.09.2023 09:20')]"
264867997,"[('TAXI_OUT', '01.09.2023 00:09', '01.09.2023 00:34'), ('KZNYFIR', '01.09.2023 00:34', '01.09.2023 00:40'), ('KZBWFIR', '01.09.2023 00:40', '01.09.2023 00:42'), ('KZBWUIR', '01.09.2023 00:42', '01.09.2023 01:18'), ('CZQMFIR', '01.09.2023 01:18', '01.09.2023 02:08'), ('CZQXFIR', '01.09.2023 02:08', '01.09.2023 04:18'), ('EGGXFIR', '01.09.2023 04:18', '01.09.2023 06:13'), ('EGTTUIR', '01.09.2023 06:13', '01.09.2023 06:43'), ('EGTTFIR', '01.09.2023 06:43', '01.09.2023 07:10'), ('TAXI_IN', '01.09.2023 07:10', '01.09.2023 07:20')]"
264867999,"[('TAXI_OUT', '01.09.2023 00:25', '01.09.2023 00:35'), ('SBCWFIR', '01.09.2023 00:35', '01.09.2023 01:23'), ('SBREFIR', '01.09.2023 01:23', '01.09.2023 01:58'), ('SBAOFIR', '01.09.2023 01:58', '01.09.2023 04:43'), ('GOOOUIR', '01.09.2023 04:43', '01.09.2023 07:43'), ('GCCCUIRN', '01.09.2023 07:43', '01.09.2023 08:59'), ('GMMMUIR', '01.09.2023 08:59', '01.09.2023 09:40'), ('LPPCFIR', '01.09.2023 09:40', '01.09.2023 10:32'), ('TAXI_IN', '01.09.2023 10:32', '01.09.2023 10:42')]"
264868001,"[('TAXI_OUT', '01.09.2023 00:24', '01.09.2023 00:34'), ('KZNYFIR', '01.09.2023 00:34', '01.09.2023 00:43'), ('KZBWFIR', '01.09.2023 00:43', '01.09.2023 00:45'), ('KZBWUIR', '01.09.2023 00:45', '01.09.2023 01:21'), ('CZQMFIR', '01.09.2023 01:21', '01.09.2023 02:02'), ('CZQXFIR', '01.09.2023 02:02', '01.09.2023 04:05'), ('EGGXFIR', '01.09.2023 04:05', '01.09.2023 05:10'), ('EISNUIR', '01.09.2023 05:10', '01.09.2023 05:49'), ('EGTTUIR', '01.09.2023 05:49', '01.09.2023 06:02'), ('EGTTFIR', '01.09.2023 06:02', '01.09.2023 06:28'), ('TAXI_IN', '01.09.2023 06:28', '01.09.2023 06:38')]"
264868002,"[('TAXI_OUT', '01.09.2023 00:57', '01.09.2023 01:07'), ('KZNYFIR', '01.09.2023 01:07', '01.09.2023 01:15'), ('KZBWFIR', '01.09.2023 01:15', '01.09.2023 01:16'), ('KZBWUIR', '01.09.2023 01:16', '01.09.2023 02:01'), ('CZQMFIR', '01.09.2023 02:01', '01.09.2023 02:31'), ('CZULFIR', '01.09.2023 02:31', '01.09.2023 03:07'), ('CZQXFIR', '01.09.2023 03:07', '01.09.2023 04:17'), ('BGGLFIR', '01.09.2023 04:17', '01.09.2023 04:20'), ('CZQXFIR', '01.09.2023 04:20', '01.09.2023 04:55'), ('BIRDFIR', '01.09.2023 04:55', '01.09.2023 06:46'), ('ENOBFIR', '01.09.2023 06:46', '01.09.2023 07:23'), ('ENORFIR', '01.09.2023 07:23', '01.09.2023 07:57'), ('TAXI_IN', '01.09.2023 07:57', '01.09.2023 08:07')]"
264868003,"[('TAXI_OUT', '01.09.2023 00:28', '01.09.2023 00:38'), ('KZNYFIR', '01.09.2023 00:38', '01.09.2023 00:46'), ('KZBWFIR', '01.09.2023 00:46', '01.09.2023 00:50'), ('KZBWUIR', '01.09.2023 00:50', '01.09.2023 01:28'), ('CZQMFIR', '01.09.2023 01:28', '01.09.2023 02:07'), ('CZQXFIR', '01.09.2023 02:07', '01.09.2023 04:16'), ('EGGXFIR', '01.09.2023 04:16', '01.09.2023 06:00'), ('EGTTUIR', '01.09.2023 06:00', '01.09.2023 06:03'), ('LFFFUIR', '01.09.2023 06:03', '01.09.2023 07:17'), ('LIMMUIR', '01.09.2023 07:17', '01.09.2023 07:42'), ('LIRRUIR', '01.09.2023 07:42', '01.09.2023 07:54'), ('LIBBUIR', '01.09.2023 07:54', '01.09.2023 08:30'), ('LAAAFIR', '01.09.2023 08:30', '01.09.2023 08:47'), ('TAXI_IN', '01.09.2023 08:47', '01.09.2023 08:57')]"
264868004,"[('TAXI_OUT', '01.09.2023 00:55', '01.09.2023 01:11'), ('LTBBFIR', '01.09.2023 01:11', '01.09.2023 01:35'), ('LTAAFIR', '01.09.2023 01:35', '01.09.2023 02:53'), ('ORBBFIR', '01.09.2023 02:53', '01.09.2023 03:36'), ('TAXI_IN', '01.09.2023 03:36', '01.09.2023 03:46')]"
264868005,"[('TAXI_OUT', '31.08.2023 23:39', '31.08.2023 23:59'), ('KZDCFIR', '31.08.2023 23:59', '01.09.2023 00:07'), ('KZDCUIR', '01.09.2023 00:07', '01.09.2023 00:19'), ('KZNYUIR', '01.09.2023 00:19', '01.09.2023 00:26'), ('KZBWUIR', '01.09.2023 00:26', '01.09.2023 00:59'), ('KZWYFIR', '01.09.2023 00:59', '01.09.2023 01:08'), ('CZQMFIR', '01.09.2023 01:08', '01.09.2023 01:55'), ('CZQXFIR', '01.09.2023 01:55', '01.09.2023 04:02'), ('EGGXFIR', '01.09.2023 04:02', '01.09.2023 05:34'), ('LECMUIR', '01.09.2023 05:34', '01.09.2023 06:46'), ('LECBUIR', '01.09.2023 06:46', '01.09.2023 07:17'), ('LFFFUIR', '01.09.2023 07:17', '01.09.2023 07:36'), ('LIRRUIR', '01.09.2023 07:36', '01.09.2023 08:01'), ('LIRRFIR', '01.09.2023 08:01', '01.09.2023 08:16'), ('TAXI_IN', '01.09.2023 08:16', '01.09.2023 08:26')]"
264868006,"[('TAXI_OUT', '01.09.2023 00:44', '01.09.2023 00:54'), ('KZJXFIR', '01.09.2023 00:54', '01.09.2023 00:54'), ('KZMAFIR', '01.09.2023 00:54', '01.09.2023 00:56'), ('KZJXFIR', '01.09.2023 00:56', '01.09.2023 01:05'), ('KZJXUIR', '01.09.2023 01:05', '01.09.2023 01:46'), ('KZDCUIR', '01.09.2023 01:46', '01.09.2023 02:30'), ('KZBWUIR', '01.09.2023 02:30', '01.09.2023 03:09'), ('CZQMFIR', '01.09.2023 03:09', '01.09.2023 03:48'), ('CZQXFIR', '01.09.2023 03:48', '01.09.2023 05:49'), ('EGGXFIR', '01.09.2023 05:49', '01.09.2023 06:51'), ('EISNUIR', '01.09.2023 06:51', '01.09.2023 07:29'), ('EGTTUIR', '01.09.2023 07:29', '01.09.2023 07:49'), ('EGTTFIR', '01.09.2023 07:49', '01.09.2023 08:12'), ('TAXI_IN', '01.09.2023 08:12', '01.09.2023 08:22')]"
264868008,"[('TAXI_OUT', '31.08.2023 23:38', '31.08.2023 23:58'), ('HECCFIR', '31.08.2023 23:58', '01.09.2023 01:08'), ('LGGGUIR', '01.09.2023 01:08', '01.09.2023 02:17'), ('LBSRFIR', '01.09.2023 02:17', '01.09.2023 02:37'), ('LRBBFIR', '01.09.2023 02:37', '01.09.2023 03:07'), ('LHCCFIR', '01.09.2023 03:07', '01.09.2023 03:18'), ('LZBBFIR', '01.09.2023 03:18', '01.09.2023 03:25'), ('EPWWFIR', '01.09.2023 03:25', '01.09.2023 04:02'), ('EYVLUIR', '01.09.2023 04:02', '01.09.2023 04:19'), ('EVRRFIR', '01.09.2023 04:19', '01.09.2023 04:31'), ('ULLLFIR', '01.09.2023 04:31', '01.09.2023 04:44'), ('UUWVFIR', '01.09.2023 04:44', '01.09.2023 05:18'), ('TAXI_IN', '01.09.2023 05:18', '01.09.2023 05:28')]"
264868009,"[('TAXI_OUT', '01.09.2023 00:16', '01.09.2023 00:26'), ('EDMMFIR', '01.09.2023 00:26', '01.09.2023 00:28'), ('EDGGFIR', '01.09.2023 00:28', '01.09.2023 00:28'), ('EDMMFIR', '01.09.2023 00:28', '01.09.2023 00:37'), ('EDUUUIR', '01.09.2023 00:37', '01.09.2023 00:47'), ('LOVVFIR', '01.09.2023 00:47', '01.09.2023 01:04'), ('LHCCFIR', '01.09.2023 01:04', '01.09.2023 01:20'), ('LYBAUIR', '01.09.2023 01:20', '01.09.2023 01:52'), ('LBSRFIR', '01.09.2023 01:52', '01.09.2023 02:07'), ('LGGGUIR', '01.09.2023 02:07', '01.09.2023 02:18'), ('LTBBFIR', '01.09.2023 02:18', '01.09.2023 02:52'), ('LTAAFIR', '01.09.2023 02:52', '01.09.2023 03:11'), ('TAXI_IN', '01.09.2023 03:11', '01.09.2023 03:21')]"
264868011,"[('TAXI_OUT', '31.08.2023 23:59', '01.09.2023 00:24'), ('KZDCFIR', '01.09.2023 00:24', '01.09.2023 00:26'), ('KZNYFIR', '01.09.2023 00:26', '01.09.2023 00:29'), ('KZDCUIR', '01.09.2023 00:29', '01.09.2023 00:30'), ('KZNYUIR', '01.09.2023 00:30', '01.09.2023 00:42'), ('KZBWUIR', '01.09.2023 00:42', '01.09.2023 01:19'), ('CZQMFIR', '01.09.2023 01:19', '01.09.2023 01:53'), ('CZQXFIR', '01.09.2023 01:53', '01.09.2023 03:54'), ('EGGXFIR', '01.09.2023 03:54', '01.09.2023 04:55'), ('EISNUIR', '01.09.2023 04:55', '01.09.2023 05:35'), ('EGTTUIR', '01.09.2023 05:35', '01.09.2023 05:55'), ('EGTTFIR', '01.09.2023 05:55', '01.09.2023 06:24'), ('TAXI_IN', '01.09.2023 06:24', '01.09.2023 06:34')]"
264868012,"[('TAXI_OUT', '01.09.2023 00:10', '01.09.2023 00:27'), ('LWSSFIR', '01.09.2023 00:27', '01.09.2023 00:38'), ('LGGGUIR', '01.09.2023 00:38', '01.09.2023 01:05'), ('LTBBFIR', '01.09.2023 01:05', '01.09.2023 01:30'), ('LTAAFIR', '01.09.2023 01:30', '01.09.2023 01:50'), ('TAXI_IN', '01.09.2023 01:50', '01.09.2023 02:00')]"
264868013,"[('TAXI_OUT', '31.08.2023 23:53', '01.09.2023 00:03'), ('LIRRFIR', '01.09.2023 00:03', '01.09.2023 00:08'), ('LFMMFIR', '01.09.2023 00:08', '01.09.2023 00:11'), ('LFFFUIR', '01.09.2023 00:11', '01.09.2023 00:31'), ('LECBUIR', '01.09.2023 00:31', '01.09.2023 01:09'), ('LECMUIR', '01.09.2023 01:09', '01.09.2023 01:20'), ('LECMFIR', '01.09.2023 01:20', '01.09.2023 01:34'), ('TAXI_IN', '01.09.2023 01:34', '01.09.2023 01:44')]"
264868014,"[('TAXI_OUT', '01.09.2023 00:22', '01.09.2023 00:32'), ('DTTCFIR', '01.09.2023 00:32', '01.09.2023 00:43'), ('LIRRUIR', '01.09.2023 00:43', '01.09.2023 00:47'), ('LMMMUIR', '01.09.2023 00:47', '01.09.2023 01:00'), ('LMMMFIR', '01.09.2023 01:00', '01.09.2023 01:20'), ('TAXI_IN', '01.09.2023 01:20', '01.09.2023 01:30')]"
264868015,"[('TAXI_OUT', '01.09.2023 00:49', '01.09.2023 01:05'), ('LTBBFIR', '01.09.2023 01:05', '01.09.2023 01:25'), ('LTAAFIR', '01.09.2023 01:25', '01.09.2023 02:46'), ('OIIXFIR', '01.09.2023 02:46', '01.09.2023 03:43'), ('TAXI_IN', '01.09.2023 03:43', '01.09.2023 03:53')]"
264868016,"[('TAXI_OUT', '01.09.2023 00:47', '01.09.2023 00:47'), ('CZEGFIR', '01.09.2023 00:47', '01.09.2023 04:31'), ('BGGLFIR', '01.09.2023 04:31', '01.09.2023 05:37'), ('BIRDFIR', '01.09.2023 05:37', '01.09.2023 06:25'), ('EGGXFIR', '01.09.2023 06:25', '01.09.2023 07:26'), ('EGPXUIR', '01.09.2023 07:26', '01.09.2023 07:27'), ('EISNUIR', '01.09.2023 07:27', '01.09.2023 07:50'), ('EGTTUIR', '01.09.2023 07:50', '01.09.2023 08:21'), ('LFFFUIR', '01.09.2023 08:21', '01.09.2023 09:10'), ('LIMMUIR', '01.09.2023 09:10', '01.09.2023 09:29'), ('LIRRUIR', '01.09.2023 09:29', '01.09.2023 09:37'), ('LIRRFIR', '01.09.2023 09:37', '01.09.2023 09:57'), ('TAXI_IN', '01.09.2023 09:57', '01.09.2023 10:07')]"
264868017,"[('TAXI_OUT', '01.09.2023 00:17', '01.09.2023 00:27'), ('OMAEFIR', '01.09.2023 00:27', '01.09.2023 00:37'), ('OMAEUIR', '01.09.2023 00:37', '01.09.2023 00:48'), ('OBBBUIR', '01.09.2023 00:48', '01.09.2023 01:21'), ('OKACFIR', '01.09.2023 01:21', '01.09.2023 01:35'), ('ORBBFIR', '01.09.2023 01:35', '01.09.2023 02:40'), ('LTAAFIR', '01.09.2023 02:40', '01.09.2023 04:05'), ('LTBBFIR', '01.09.2023 04:05', '01.09.2023 04:11'), ('LBSRFIR', '01.09.2023 04:11', '01.09.2023 04:36'), ('LRBBFIR', '01.09.2023 04:36', '01.09.2023 05:04'), ('LYBAUIR', '01.09.2023 05:04', '01.09.2023 05:18'), ('LDZOFIR', '01.09.2023 05:18', '01.09.2023 05:20'), ('LQSBUIR', '01.09.2023 05:20', '01.09.2023 05:23'), ('LDZOFIR', '01.09.2023 05:23', '01.09.2023 05:23'), ('LQSBUIR', '01.09.2023 05:23', '01.09.2023 05:24'), ('LDZOFIR', '01.09.2023 05:24', '01.09.2023 05:27'), ('LQSBUIR', '01.09.2023 05:27', '01.09.2023 05:27'), ('LDZOFIR', '01.09.2023 05:27', '01.09.2023 05:27'), ('LQSBUIR', '01.09.2023 05:27', '01.09.2023 05:27'), ('LDZOFIR', '01.09.2023 05:27', '01.09.2023 05:28'), ('LQSBUIR', '01.09.2023 05:28', '01.09.2023 05:28'), ('LDZOFIR', '01.09.2023 05:28', '01.09.2023 05:29'), ('LQSBUIR', '01.09.2023 05:29', '01.09.2023 05:33'), ('LDZOFIR', '01.09.2023 05:33', '01.09.2023 05:36'), ('LQSBUIR', '01.09.2023 05:36', '01.09.2023 05:36'), ('LDZOFIR', '01.09.2023 05:36', '01.09.2023 05:52'), ('LIMMUIR', '01.09.2023 05:52', '01.09.2023 06:16'), ('LSASUIR', '01.09.2023 06:16', '01.09.2023 06:17'), ('LIMMUIR', '01.09.2023 06:17', '01.09.2023 06:21'), ('LSASUIR', '01.09.2023 06:21', '01.09.2023 06:33'), ('LFFFUIR', '01.09.2023 06:33', '01.09.2023 06:49'), ('LFFFFIR', '01.09.2023 06:49', '01.09.2023 07:11'), ('TAXI_IN', '01.09.2023 07:11', '01.09.2023 07:21')]"
264868018,"[('TAXI_OUT', '01.09.2023 00:09', '01.09.2023 00:44'), ('KZNYFIR', '01.09.2023 00:44', '01.09.2023 00:48'), ('KZBWFIR', '01.09.2023 00:48', '01.09.2023 00:53'), ('KZBWUIR', '01.09.2023 00:53', '01.09.2023 01:26'), ('CZQMFIR', '01.09.2023 01:26', '01.09.2023 02:07'), ('CZQXFIR', '01.09.2023 02:07', '01.09.2023 04:04'), ('EGGXFIR', '01.09.2023 04:04', '01.09.2023 05:08'), ('EISNUIR', '01.09.2023 05:08', '01.09.2023 05:32'), ('EGGXFIR', '01.09.2023 05:32', '01.09.2023 05:42'), ('EGTTUIR', '01.09.2023 05:42', '01.09.2023 05:59'), ('LFFFUIR', '01.09.2023 05:59', '01.09.2023 06:54'), ('EDUUUIR', '01.09.2023 06:54', '01.09.2023 06:57'), ('LSASUIR', '01.09.2023 06:57', '01.09.2023 07:03'), ('EDUUUIR', '01.09.2023 07:03', '01.09.2023 07:03'), ('LOVVFIR', '01.09.2023 07:03', '01.09.2023 07:06'), ('EDUUUIR', '01.09.2023 07:06', '01.09.2023 07:07'), ('LOVVFIR', '01.09.2023 07:07', '01.09.2023 07:15'), ('LIMMUIR', '01.09.2023 07:15', '01.09.2023 07:16'), ('LOVVFIR', '01.09.2023 07:16', '01.09.2023 07:22'), ('LIMMUIR', '01.09.2023 07:22', '01.09.2023 07:24'), ('LJLAFIR', '01.09.2023 07:24', '01.09.2023 07:34'), ('LDZOFIR', '01.09.2023 07:34', '01.09.2023 07:37'), ('LQSBUIR', '01.09.2023 07:37', '01.09.2023 07:58'), ('LYBAUIR', '01.09.2023 07:58', '01.09.2023 08:11'), ('LWSSFIR', '01.09.2023 08:11', '01.09.2023 08:20'), ('LGGGUIR', '01.09.2023 08:20', '01.09.2023 09:01'), ('LTBBFIR', '01.09.2023 09:01', '01.09.2023 09:06'), ('LGGGUIR', '01.09.2023 09:06', '01.09.2023 09:25'), ('LCCCFIR', '01.09.2023 09:25', '01.09.2023 09:45'), ('HECCFIR', '01.09.2023 09:45', '01.09.2023 10:15'), ('OJACFIR', '01.09.2023 10:15', '01.09.2023 10:26'), ('OEJDFIR', '01.09.2023 10:26', '01.09.2023 11:57'), ('OBBBUIR', '01.09.2023 11:57', '01.09.2023 12:04'), ('OTDFFIR', '01.09.2023 12:04', '01.09.2023 12:20'), ('TAXI_IN', '01.09.2023 12:20', '01.09.2023 12:30')]"
264868019,"[('TAXI_OUT', '01.09.2023 00:16', '01.09.2023 00:26'), ('LGGGFIR', '01.09.2023 00:26', '01.09.2023 00:39'), ('LGGGUIR', '01.09.2023 00:39', '01.09.2023 01:28'), ('LIBBUIR', '01.09.2023 01:28', '01.09.2023 02:01'), ('LIRRUIR', '01.09.2023 02:01', '01.09.2023 02:35'), ('LFFFUIR', '01.09.2023 02:35', '01.09.2023 03:55'), ('LFBBFIR', '01.09.2023 03:55', '01.09.2023 03:56'), ('LFRRFIR', '01.09.2023 03:56', '01.09.2023 04:13'), ('TAXI_IN', '01.09.2023 04:13', '01.09.2023 04:23')]"
264868020,"[('TAXI_OUT', '01.09.2023 00:03', '01.09.2023 00:10'), ('LECBFIR', '01.09.2023 00:10', '01.09.2023 00:19'), ('LECBUIR', '01.09.2023 00:19', '01.09.2023 00:45'), ('LFFFUIR', '01.09.2023 00:45', '01.09.2023 01:44'), ('EGTTUIR', '01.09.2023 01:44', '01.09.2023 01:57'), ('EGTTFIR', '01.09.2023 01:57', '01.09.2023 02:17'), ('TAXI_IN', '01.09.2023 02:17', '01.09.2023 02:27')]"
264868021,"[('TAXI_OUT', '01.09.2023 00:32', '01.09.2023 00:52'), ('KZBWFIR', '01.09.2023 00:52', '01.09.2023 01:02'), ('KZBWUIR', '01.09.2023 01:02', '01.09.2023 01:22'), ('CZQMFIR', '01.09.2023 01:22', '01.09.2023 01:57'), ('CZQXFIR', '01.09.2023 01:57', '01.09.2023 04:00'), ('EGGXFIR', '01.09.2023 04:00', '01.09.2023 05:02'), ('EISNUIR', '01.09.2023 05:02', '01.09.2023 05:41'), ('EGTTUIR', '01.09.2023 05:41', '01.09.2023 06:19'), ('EBURUIR', '01.09.2023 06:19', '01.09.2023 06:19'), ('LFFFUIR', '01.09.2023 06:19', '01.09.2023 06:22'), ('EBURUIR', '01.09.2023 06:22', '01.09.2023 06:39'), ('EDVVUIR', '01.09.2023 06:39', '01.09.2023 06:39'), ('EDUUUIR', '01.09.2023 06:39', '01.09.2023 07:00'), ('EDMMFIR', '01.09.2023 07:00', '01.09.2023 07:21'), ('TAXI_IN', '01.09.2023 07:21', '01.09.2023 07:31')]"
264868022,"[('TAXI_OUT', '31.08.2023 23:54', '01.09.2023 00:29'), ('KZNYFIR', '01.09.2023 00:29', '01.09.2023 00:34'), ('KZBWFIR', '01.09.2023 00:34', '01.09.2023 00:39'), ('KZBWUIR', '01.09.2023 00:39', '01.09.2023 01:15'), ('CZQMFIR', '01.09.2023 01:15', '01.09.2023 01:56'), ('CZQXFIR', '01.09.2023 01:56', '01.09.2023 04:02'), ('EGGXFIR', '01.09.2023 04:02', '01.09.2023 05:07'), ('EISNUIR', '01.09.2023 05:07', '01.09.2023 05:51'), ('EGTTUIR', '01.09.2023 05:51', '01.09.2023 05:54'), ('EGTTFIR', '01.09.2023 05:54', '01.09.2023 06:19'), ('TAXI_IN', '01.09.2023 06:19', '01.09.2023 06:29')]"
264868023,"[('TAXI_OUT', '31.08.2023 23:46', '01.09.2023 00:06'), ('HECCFIR', '01.09.2023 00:06', '01.09.2023 01:20'), ('LGGGUIR', '01.09.2023 01:20', '01.09.2023 02:20'), ('LAAAFIR', '01.09.2023 02:20', '01.09.2023 02:33'), ('LYBAUIR', '01.09.2023 02:33', '01.09.2023 02:38'), ('LDZOFIR', '01.09.2023 02:38', '01.09.2023 02:58'), ('LIBBUIR', '01.09.2023 02:58', '01.09.2023 03:11'), ('LIRRUIR', '01.09.2023 03:11', '01.09.2023 03:18'), ('LIMMUIR', '01.09.2023 03:18', '01.09.2023 03:38'), ('LIMMFIR', '01.09.2023 03:38', '01.09.2023 03:51'), ('TAXI_IN', '01.09.2023 03:51', '01.09.2023 04:01')]"
264868024,"[('TAXI_OUT', '31.08.2023 23:54', '01.09.2023 00:04'), ('LUUUFIR', '01.09.2023 00:04', '01.09.2023 00:15'), ('LRBBFIR', '01.09.2023 00:15', '01.09.2023 00:35'), ('LBSRFIR', '01.09.2023 00:35', '01.09.2023 00:49'), ('LTBBFIR', '01.09.2023 00:49', '01.09.2023 01:23'), ('LTAAFIR', '01.09.2023 01:23', '01.09.2023 01:47'), ('TAXI_IN', '01.09.2023 01:47', '01.09.2023 01:57')]"
264868025,"[('TAXI_OUT', '01.09.2023 00:14', '01.09.2023 00:24'), ('OLBBFIR', '01.09.2023 00:24', '01.09.2023 00:33'), ('LCCCFIR', '01.09.2023 00:33', '01.09.2023 00:53'), ('HECCFIR', '01.09.2023 00:53', '01.09.2023 02:26'), ('OEJDFIR', '01.09.2023 02:26', '01.09.2023 02:55'), ('HHAAFIR', '01.09.2023 02:55', '01.09.2023 03:28'), ('HAAAFIR', '01.09.2023 03:28', '01.09.2023 04:15'), ('TAXI_IN', '01.09.2023 04:15', '01.09.2023 04:25')]"
264868026,"[('TAXI_OUT', '01.09.2023 00:17', '01.09.2023 00:33'), ('LTBBFIR', '01.09.2023 00:33', '01.09.2023 00:42'), ('LBSRFIR', '01.09.2023 00:42', '01.09.2023 01:04'), ('LRBBFIR', '01.09.2023 01:04', '01.09.2023 01:43'), ('LHCCFIR', '01.09.2023 01:43', '01.09.2023 01:52'), ('LZBBFIR', '01.09.2023 01:52', '01.09.2023 02:00'), ('EPWWFIR', '01.09.2023 02:00', '01.09.2023 02:37'), ('EYVLUIR', '01.09.2023 02:37', '01.09.2023 02:55'), ('EVRRFIR', '01.09.2023 02:55', '01.09.2023 03:05'), ('ULLLFIR', '01.09.2023 03:05', '01.09.2023 03:20'), ('UUWVFIR', '01.09.2023 03:20', '01.09.2023 04:18'), ('TAXI_IN', '01.09.2023 04:18', '01.09.2023 04:28')]"
264868027,"[('TAXI_OUT', '01.09.2023 00:03', '01.09.2023 00:18'), ('EHAAFIR', '01.09.2023 00:18', '01.09.2023 00:30'), ('EDVVUIR', '01.09.2023 00:30', '01.09.2023 00:42'), ('EDUUUIR', '01.09.2023 00:42', '01.09.2023 01:11'), ('LOVVFIR', '01.09.2023 01:11', '01.09.2023 01:27'), ('LHCCFIR', '01.09.2023 01:27', '01.09.2023 01:43'), ('LYBAUIR', '01.09.2023 01:43', '01.09.2023 02:13'), ('LBSRFIR', '01.09.2023 02:13', '01.09.2023 02:29'), ('LGGGUIR', '01.09.2023 02:29', '01.09.2023 02:39'), ('LTBBFIR', '01.09.2023 02:39', '01.09.2023 03:16'), ('LTAAFIR', '01.09.2023 03:16', '01.09.2023 03:32'), ('TAXI_IN', '01.09.2023 03:32', '01.09.2023 03:42')]"
264868028,"[('TAXI_OUT', '01.09.2023 00:20', '01.09.2023 00:30'), ('LZBBFIR', '01.09.2023 00:30', '01.09.2023 00:40'), ('LKAAFIR', '01.09.2023 00:40', '01.09.2023 01:10'), ('EDUUUIR', '01.09.2023 01:10', '01.09.2023 01:12'), ('EDMMFIR', '01.09.2023 01:12', '01.09.2023 02:06'), ('TAXI_IN', '01.09.2023 02:06', '01.09.2023 02:16')]"
264868029,"[('TAXI_OUT', '01.09.2023 00:00', '01.09.2023 00:10'), ('EPWWFIR', '01.09.2023 00:10', '01.09.2023 00:24'), ('LZBBFIR', '01.09.2023 00:24', '01.09.2023 00:33'), ('LHCCFIR', '01.09.2023 00:33', '01.09.2023 00:42'), ('LRBBFIR', '01.09.2023 00:42', '01.09.2023 01:16'), ('LBSRFIR', '01.09.2023 01:16', '01.09.2023 01:32'), ('LTBBFIR', '01.09.2023 01:32', '01.09.2023 02:12'), ('LTAAFIR', '01.09.2023 02:12', '01.09.2023 02:37'), ('TAXI_IN', '01.09.2023 02:37', '01.09.2023 02:47')]"
264868030,"[('TAXI_OUT', '01.09.2023 00:24', '01.09.2023 00:24'), ('CZYZFIR', '01.09.2023 00:24', '01.09.2023 00:48'), ('KZBWUIR', '01.09.2023 00:48', '01.09.2023 01:33'), ('CZQMFIR', '01.09.2023 01:33', '01.09.2023 02:14'), ('CZQXFIR', '01.09.2023 02:14', '01.09.2023 04:14'), ('EGGXFIR', '01.09.2023 04:14', '01.09.2023 05:58'), ('LECMUIR', '01.09.2023 05:58', '01.09.2023 06:48'), ('LECBUIR', '01.09.2023 06:48', '01.09.2023 06:57'), ('LECBFIR', '01.09.2023 06:57', '01.09.2023 07:26'), ('TAXI_IN', '01.09.2023 07:26', '01.09.2023 07:36')]"
264868031,"[('TAXI_OUT', '01.09.2023 00:12', '01.09.2023 00:22'), ('RKRRFIR', '01.09.2023 00:22', '01.09.2023 00:42'), ('ZSHAFIR', '01.09.2023 00:42', '01.09.2023 01:14'), ('ZBPEFIR', '01.09.2023 01:14', '01.09.2023 02:15'), ('ZLHWFIR', '01.09.2023 02:15', '01.09.2023 04:04'), ('ZWUQFIR', '01.09.2023 04:04', '01.09.2023 05:25'), ('UAAAFIR', '01.09.2023 05:25', '01.09.2023 06:31'), ('UACNFIR', '01.09.2023 06:31', '01.09.2023 07:14'), ('UATTFIR', '01.09.2023 07:14', '01.09.2023 08:47'), ('UBBAFIR', '01.09.2023 08:47', '01.09.2023 09:12'), ('UGGGUIR', '01.09.2023 09:12', '01.09.2023 09:48'), ('LTAAFIR', '01.09.2023 09:48', '01.09.2023 10:49'), ('LTBBFIR', '01.09.2023 10:49', '01.09.2023 10:53'), ('LBSRFIR', '01.09.2023 10:53', '01.09.2023 11:07'), ('LRBBFIR', '01.09.2023 11:07', '01.09.2023 11:11'), ('LBSRFIR', '01.09.2023 11:11', '01.09.2023 11:11'), ('LRBBFIR', '01.09.2023 11:11', '01.09.2023 11:12'), ('LBSRFIR', '01.09.2023 11:12', '01.09.2023 11:13'), ('LRBBFIR', '01.09.2023 11:13', '01.09.2023 11:56'), ('LHCCFIR', '01.09.2023 11:56', '01.09.2023 12:23'), ('LOVVFIR', '01.09.2023 12:23', '01.09.2023 12:48'), ('EDUUUIR', '01.09.2023 12:48', '01.09.2023 12:58'), ('LOVVFIR', '01.09.2023 12:58', '01.09.2023 12:59'), ('EDUUUIR', '01.09.2023 12:59', '01.09.2023 13:00'), ('LSASUIR', '01.09.2023 13:00', '01.09.2023 13:12'), ('LFFFUIR', '01.09.2023 13:12', '01.09.2023 13:13'), ('LSASUIR', '01.09.2023 13:13', '01.09.2023 13:15'), ('LFFFUIR', '01.09.2023 13:15', '01.09.2023 13:33'), ('LFFFFIR', '01.09.2023 13:33', '01.09.2023 13:56'), ('TAXI_IN', '01.09.2023 13:56', '01.09.2023 14:06')]"
264868032,"[('TAXI_OUT', '01.09.2023 00:26', '01.09.2023 00:26'), ('UNNTFIR', '01.09.2023 00:26', '01.09.2023 01:21'), ('UACNFIR', '01.09.2023 01:21', '01.09.2023 02:19'), ('UATTFIR', '01.09.2023 02:19', '01.09.2023 03:52'), ('URRVFIR', '01.09.2023 03:52', '01.09.2023 04:16'), ('UGGGUIR', '01.09.2023 04:16', '01.09.2023 04:44'), ('LTAAFIR', '01.09.2023 04:44', '01.09.2023 06:17'), ('TAXI_IN', '01.09.2023 06:17', '01.09.2023 06:27')]"
264868033,"[('TAXI_OUT', '01.09.2023 00:05', '01.09.2023 00:15'), ('EPWWFIR', '01.09.2023 00:15', '01.09.2023 00:30'), ('LZBBFIR', '01.09.2023 00:30', '01.09.2023 00:38'), ('LHCCFIR', '01.09.2023 00:38', '01.09.2023 00:47'), ('LRBBFIR', '01.09.2023 00:47', '01.09.2023 01:21'), ('LBSRFIR', '01.09.2023 01:21', '01.09.2023 01:37'), ('LTBBFIR', '01.09.2023 01:37', '01.09.2023 02:35'), ('TAXI_IN', '01.09.2023 02:35', '01.09.2023 02:45')]"
264868034,"[('TAXI_OUT', '31.08.2023 23:52', '01.09.2023 00:17'), ('LTBBFIR', '01.09.2023 00:17', '01.09.2023 00:32'), ('LBSRFIR', '01.09.2023 00:32', '01.09.2023 01:07'), ('LYBAUIR', '01.09.2023 01:07', '01.09.2023 01:30'), ('LDZOFIR', '01.09.2023 01:30', '01.09.2023 01:51'), ('LJLAFIR', '01.09.2023 01:51', '01.09.2023 01:56'), ('LOVVFIR', '01.09.2023 01:56', '01.09.2023 02:17'), ('EDUUUIR', '01.09.2023 02:17', '01.09.2023 02:17'), ('LOVVFIR', '01.09.2023 02:17', '01.09.2023 02:18'), ('EDUUUIR', '01.09.2023 02:18', '01.09.2023 02:34'), ('EDMMFIR', '01.09.2023 02:34', '01.09.2023 02:35'), ('EDGGFIR', '01.09.2023 02:35', '01.09.2023 03:03'), ('TAXI_IN', '01.09.2023 03:03', '01.09.2023 03:13')]"
264868035,"[('TAXI_OUT', '31.08.2023 23:01', '31.08.2023 23:07'), ('ENORFIR', '31.08.2023 23:07', '31.08.2023 23:56'), ('TAXI_IN', '31.08.2023 23:56', '01.09.2023 00:06')]"
264868036,"[('TAXI_OUT', '01.09.2023 00:29', '01.09.2023 00:39'), ('KZOAFIR', '01.09.2023 00:39', '01.09.2023 01:10'), ('KZSEUIR', '01.09.2023 01:10', '01.09.2023 02:06'), ('CZVRFIR', '01.09.2023 02:06', '01.09.2023 02:33'), ('CZEGFIR', '01.09.2023 02:33', '01.09.2023 06:49'), ('BGGLFIR', '01.09.2023 06:49', '01.09.2023 07:54'), ('ENOBFIR', '01.09.2023 07:54', '01.09.2023 08:12'), ('BODO', '01.09.2023 08:12', '01.09.2023 08:27'), ('ULLLFIR', '01.09.2023 08:27', '01.09.2023 10:38'), ('USSVFIR', '01.09.2023 10:38', '01.09.2023 11:05'), ('UWWWFIR', '01.09.2023 11:05', '01.09.2023 11:39'), ('UATTFIR', '01.09.2023 11:39', '01.09.2023 11:39'), ('UWWWFIR', '01.09.2023 11:39', '01.09.2023 11:40'), ('UATTFIR', '01.09.2023 11:40', '01.09.2023 12:47'), ('UBBAFIR', '01.09.2023 12:47', '01.09.2023 13:17'), ('OIIXFIR', '01.09.2023 13:17', '01.09.2023 14:50'), ('OMAEUIR', '01.09.2023 14:50', '01.09.2023 14:54'), ('OMAEFIR', '01.09.2023 14:54', '01.09.2023 15:21'), ('TAXI_IN', '01.09.2023 15:21', '01.09.2023 15:31')]"
264868037,"[('TAXI_OUT', '01.09.2023 00:03', '01.09.2023 00:18'), ('HECCFIR', '01.09.2023 00:18', '01.09.2023 01:16'), ('LCCCFIR', '01.09.2023 01:16', '01.09.2023 01:44'), ('LTAAFIR', '01.09.2023 01:44', '01.09.2023 02:56'), ('UDDDFIR', '01.09.2023 02:56', '01.09.2023 03:07'), ('TAXI_IN', '01.09.2023 03:07', '01.09.2023 03:17')]"
264868038,"[('TAXI_OUT', '01.09.2023 00:36', '01.09.2023 00:46'), ('RJJJFIR', '01.09.2023 00:46', '01.09.2023 03:25'), ('PAZAFIR', '01.09.2023 03:25', '01.09.2023 08:07'), ('CZEGFIR', '01.09.2023 08:07', '01.09.2023 10:07'), ('BGGLFIR', '01.09.2023 10:07', '01.09.2023 11:47'), ('BIRDFIR', '01.09.2023 11:47', '01.09.2023 13:22'), ('EGPXUIR', '01.09.2023 13:22', '01.09.2023 14:10'), ('EGTTUIR', '01.09.2023 14:10', '01.09.2023 14:22'), ('EHAAFIR', '01.09.2023 14:22', '01.09.2023 14:38'), ('EBURUIR', '01.09.2023 14:38', '01.09.2023 14:46'), ('LFFFUIR', '01.09.2023 14:46', '01.09.2023 14:50'), ('LFFFFIR', '01.09.2023 14:50', '01.09.2023 15:07'), ('TAXI_IN', '01.09.2023 15:07', '01.09.2023 15:17')]"
264868039,"[('TAXI_OUT', '01.09.2023 00:11', '01.09.2023 00:36'), ('KZAUFIR', '01.09.2023 00:36', '01.09.2023 00:45'), ('KZAUUIR', '01.09.2023 00:45', '01.09.2023 00:54'), ('KZMPUIR', '01.09.2023 00:54', '01.09.2023 01:19'), ('CZYZFIR', '01.09.2023 01:19', '01.09.2023 01:56'), ('CZULFIR', '01.09.2023 01:56', '01.09.2023 03:43'), ('CZQXFIR', '01.09.2023 03:43', '01.09.2023 04:14'), ('BGGLFIR', '01.09.2023 04:14', '01.09.2023 05:02'), ('CZQXFIR', '01.09.2023 05:02', '01.09.2023 05:09'), ('BIRDFIR', '01.09.2023 05:09', '01.09.2023 06:59'), ('EGPXUIR', '01.09.2023 06:59', '01.09.2023 07:15'), ('ENORFIR', '01.09.2023 07:15', '01.09.2023 07:52'), ('EKDKFIR', '01.09.2023 07:52', '01.09.2023 08:18'), ('EDUUUIR', '01.09.2023 08:18', '01.09.2023 08:28'), ('EPWWFIR', '01.09.2023 08:28', '01.09.2023 09:09'), ('LZBBFIR', '01.09.2023 09:09', '01.09.2023 09:16'), ('LHCCFIR', '01.09.2023 09:16', '01.09.2023 09:23'), ('LRBBFIR', '01.09.2023 09:23', '01.09.2023 09:57'), ('LBSRFIR', '01.09.2023 09:57', '01.09.2023 10:16'), ('LTBBFIR', '01.09.2023 10:16', '01.09.2023 10:41'), ('TAXI_IN', '01.09.2023 10:41', '01.09.2023 10:51')]"
264868040,"[('TAXI_OUT', '01.09.2023 00:37', '01.09.2023 00:47'), ('KZFWFIR', '01.09.2023 00:47', '01.09.2023 00:58'), ('KZFWUIR', '01.09.2023 00:58', '01.09.2023 01:16'), ('KZMEUIR', '01.09.2023 01:16', '01.09.2023 02:05'), ('KZIDUIR', '01.09.2023 02:05', '01.09.2023 02:30'), ('KZDCUIR', '01.09.2023 02:30', '01.09.2023 02:51'), ('KZNYUIR', '01.09.2023 02:51', '01.09.2023 02:59'), ('KZDCUIR', '01.09.2023 02:59', '01.09.2023 03:03'), ('KZNYUIR', '01.09.2023 03:03', '01.09.2023 03:09'), ('KZBWUIR', '01.09.2023 03:09', '01.09.2023 03:43'), ('CZQMFIR', '01.09.2023 03:43', '01.09.2023 04:27'), ('CZQXFIR', '01.09.2023 04:27', '01.09.2023 06:22'), ('EGGXFIR', '01.09.2023 06:22', '01.09.2023 08:00'), ('EGTTUIR', '01.09.2023 08:00', '01.09.2023 08:17'), ('LFFFUIR', '01.09.2023 08:17', '01.09.2023 09:12'), ('LSASUIR', '01.09.2023 09:12', '01.09.2023 09:27'), ('LIMMUIR', '01.09.2023 09:27', '01.09.2023 09:42'), ('LDZOFIR', '01.09.2023 09:42', '01.09.2023 10:18'), ('LYBAUIR', '01.09.2023 10:18', '01.09.2023 10:23'), ('LAAAFIR', '01.09.2023 10:23', '01.09.2023 10:36'), ('LGGGUIR', '01.09.2023 10:36', '01.09.2023 11:43'), ('LCCCFIR', '01.09.2023 11:43', '01.09.2023 12:02'), ('HECCFIR', '01.09.2023 12:02', '01.09.2023 12:33'), ('OJACFIR', '01.09.2023 12:33', '01.09.2023 12:44'), ('OEJDFIR', '01.09.2023 12:44', '01.09.2023 14:15'), ('OBBBUIR', '01.09.2023 14:15', '01.09.2023 14:23'), ('OTDFFIR', '01.09.2023 14:23', '01.09.2023 14:41'), ('TAXI_IN', '01.09.2023 14:41', '01.09.2023 14:51')]"
264868041,"[('TAXI_OUT', '01.09.2023 02:18', '01.09.2023 02:28'), ('OKACFIR', '01.09.2023 02:28', '01.09.2023 02:39'), ('ORBBFIR', '01.09.2023 02:39', '01.09.2023 03:46'), ('LTAAFIR', '01.09.2023 03:46', '01.09.2023 05:10'), ('LTBBFIR', '01.09.2023 05:10', '01.09.2023 05:33'), ('TAXI_IN', '01.09.2023 05:33', '01.09.2023 05:43')]"
264868042,"[('TAXI_OUT', '01.09.2023 00:30', '01.09.2023 00:35'), ('LTAAFIR', '01.09.2023 00:35', '01.09.2023 02:01'), ('OIIXFIR', '01.09.2023 02:01', '01.09.2023 02:02'), ('LTAAFIR', '01.09.2023 02:02', '01.09.2023 02:06'), ('OIIXFIR', '01.09.2023 02:06', '01.09.2023 02:51'), ('TAXI_IN', '01.09.2023 02:51', '01.09.2023 03:01')]"
264868043,"[('TAXI_OUT', '01.09.2023 00:02', '01.09.2023 00:12'), ('URRVFIR', '01.09.2023 00:12', '01.09.2023 00:51'), ('LTAAFIR', '01.09.2023 00:51', '01.09.2023 02:17'), ('TAXI_IN', '01.09.2023 02:17', '01.09.2023 02:27')]"
264868044,"[('TAXI_OUT', '01.09.2023 00:16', '01.09.2023 00:24'), ('LJLAFIR', '01.09.2023 00:24', '01.09.2023 00:34'), ('LDZOFIR', '01.09.2023 00:34', '01.09.2023 00:42'), ('LQSBUIR', '01.09.2023 00:42', '01.09.2023 01:02'), ('LYBAUIR', '01.09.2023 01:02', '01.09.2023 01:16'), ('LWSSFIR', '01.09.2023 01:16', '01.09.2023 01:26'), ('LGGGUIR', '01.09.2023 01:26', '01.09.2023 02:08'), ('LTBBFIR', '01.09.2023 02:08', '01.09.2023 02:14'), ('LGGGUIR', '01.09.2023 02:14', '01.09.2023 02:32'), ('LCCCFIR', '01.09.2023 02:32', '01.09.2023 03:06'), ('LLLLFIR', '01.09.2023 03:06', '01.09.2023 03:18'), ('TAXI_IN', '01.09.2023 03:18', '01.09.2023 03:28')]"
264868045,"[('TAXI_OUT', '01.09.2023 00:00', '01.09.2023 00:22'), ('EDGGFIR', '01.09.2023 00:22', '01.09.2023 00:32'), ('EDVVUIR', '01.09.2023 00:32', '01.09.2023 00:33'), ('EHAAFIR', '01.09.2023 00:33', '01.09.2023 00:33'), ('EDVVUIR', '01.09.2023 00:33', '01.09.2023 00:33'), ('EHAAFIR', '01.09.2023 00:33', '01.09.2023 00:35'), ('EBURUIR', '01.09.2023 00:35', '01.09.2023 00:44'), ('EHAAFIR', '01.09.2023 00:44', '01.09.2023 00:56'), ('EGTTUIR', '01.09.2023 00:56', '01.09.2023 01:09'), ('EGTTFIR', '01.09.2023 01:09', '01.09.2023 01:50'), ('TAXI_IN', '01.09.2023 01:50', '01.09.2023 02:00')]"
264868046,"[('TAXI_OUT', '01.09.2023 00:10', '01.09.2023 00:45'), ('KZNYFIR', '01.09.2023 00:45', '01.09.2023 00:50'), ('KZBWFIR', '01.09.2023 00:50', '01.09.2023 00:53'), ('KZBWUIR', '01.09.2023 00:53', '01.09.2023 01:33'), ('CZQMFIR', '01.09.2023 01:33', '01.09.2023 02:08'), ('CZQXFIR', '01.09.2023 02:08', '01.09.2023 04:12'), ('EGGXFIR', '01.09.2023 04:12', '01.09.2023 05:14'), ('EISNUIR', '01.09.2023 05:14', '01.09.2023 05:55'), ('EGTTUIR', '01.09.2023 05:55', '01.09.2023 06:12'), ('EGTTFIR', '01.09.2023 06:12', '01.09.2023 06:40'), ('TAXI_IN', '01.09.2023 06:40', '01.09.2023 06:50')]"
264868047,"[('TAXI_OUT', '31.08.2023 23:57', '01.09.2023 00:32'), ('KZNYFIR', '01.09.2023 00:32', '01.09.2023 00:36'), ('KZBWFIR', '01.09.2023 00:36', '01.09.2023 00:40'), ('KZBWUIR', '01.09.2023 00:40', '01.09.2023 01:11'), ('KZWYFIR', '01.09.2023 01:11', '01.09.2023 01:57'), ('CZQMFIR', '01.09.2023 01:57', '01.09.2023 02:04'), ('CZQXFIR', '01.09.2023 02:04', '01.09.2023 04:15'), ('EGGXFIR', '01.09.2023 04:15', '01.09.2023 04:32'), ('LPPOFIR', '01.09.2023 04:32', '01.09.2023 05:49'), ('LPPCFIR', '01.09.2023 05:49', '01.09.2023 06:33'), ('TAXI_IN', '01.09.2023 06:33', '01.09.2023 06:43')]"
264868048,"[('TAXI_OUT', '01.09.2023 00:05', '01.09.2023 00:15'), ('EGTTFIR', '01.09.2023 00:15', '01.09.2023 00:42'), ('EBURUIR', '01.09.2023 00:42', '01.09.2023 00:49'), ('EBBUFIR', '01.09.2023 00:49', '01.09.2023 01:04'), ('TAXI_IN', '01.09.2023 01:04', '01.09.2023 01:14')]"
264868049,"[('TAXI_OUT', '01.09.2023 00:36', '01.09.2023 00:36'), ('CZYZFIR', '01.09.2023 00:36', '01.09.2023 01:03'), ('CZULFIR', '01.09.2023 01:03', '01.09.2023 02:40'), ('CZQXFIR', '01.09.2023 02:40', '01.09.2023 04:26'), ('EGGXFIR', '01.09.2023 04:26', '01.09.2023 05:44'), ('EISNUIR', '01.09.2023 05:44', '01.09.2023 06:07'), ('EGTTUIR', '01.09.2023 06:07', '01.09.2023 06:45'), ('EHAAFIR', '01.09.2023 06:45', '01.09.2023 07:01'), ('EDVVUIR', '01.09.2023 07:01', '01.09.2023 07:16'), ('EDUUUIR', '01.09.2023 07:16', '01.09.2023 07:31'), ('LKAAFIR', '01.09.2023 07:31', '01.09.2023 07:51'), ('LZBBFIR', '01.09.2023 07:51', '01.09.2023 08:02'), ('LHCCFIR', '01.09.2023 08:02', '01.09.2023 08:12'), ('LRBBFIR', '01.09.2023 08:12', '01.09.2023 08:55'), ('LBSRFIR', '01.09.2023 08:55', '01.09.2023 09:06'), ('LTBBFIR', '01.09.2023 09:06', '01.09.2023 09:08'), ('LTAAFIR', '01.09.2023 09:08', '01.09.2023 10:14'), ('UGGGUIR', '01.09.2023 10:14', '01.09.2023 10:22'), ('UDDDFIR', '01.09.2023 10:22', '01.09.2023 10:24'), ('UBBAFIR', '01.09.2023 10:24', '01.09.2023 10:59'), ('UTAKFIR', '01.09.2023 10:59', '01.09.2023 11:25'), ('UTAAFIR', '01.09.2023 11:25', '01.09.2023 11:46'), ('UTAVFIR', '01.09.2023 11:46', '01.09.2023 11:59'), ('UTSDFIR', '01.09.2023 11:59', '01.09.2023 12:24'), ('UTDDFIR', '01.09.2023 12:24', '01.09.2023 13:01'), ('OAKXFIR', '01.09.2023 13:01', '01.09.2023 13:02'), ('OPLRFIR', '01.09.2023 13:02', '01.09.2023 13:07'), ('OAKXFIR', '01.09.2023 13:07', '01.09.2023 13:15'), ('OPLRFIR', '01.09.2023 13:15', '01.09.2023 13:50'), ('VIDFFIR', '01.09.2023 13:50', '01.09.2023 14:41'), ('TAXI_IN', '01.09.2023 14:41', '01.09.2023 14:51')]"
264868050,"[('TAXI_OUT', '01.09.2023 00:11', '01.09.2023 00:21'), ('DAAAFIR', '01.09.2023 00:21', '01.09.2023 00:58'), ('DTTCUIR', '01.09.2023 00:58', '01.09.2023 01:16'), ('LMMMUIR', '01.09.2023 01:16', '01.09.2023 02:25'), ('LGGGUIR', '01.09.2023 02:25', '01.09.2023 02:35'), ('HECCFIR', '01.09.2023 02:35', '01.09.2023 04:08'), ('OEJDFIR', '01.09.2023 04:08', '01.09.2023 05:49'), ('OBBBUIR', '01.09.2023 05:49', '01.09.2023 05:57'), ('OTDFFIR', '01.09.2023 05:57', '01.09.2023 06:18'), ('TAXI_IN', '01.09.2023 06:18', '01.09.2023 06:28')]"
264868051,"[('TAXI_OUT', '01.09.2023 00:08', '01.09.2023 00:13'), ('LGGGFIR', '01.09.2023 00:13', '01.09.2023 00:24'), ('LGGGUIR', '01.09.2023 00:24', '01.09.2023 01:05'), ('LIBBUIR', '01.09.2023 01:05', '01.09.2023 01:24'), ('LIRRUIR', '01.09.2023 01:24', '01.09.2023 02:19'), ('LFFFUIR', '01.09.2023 02:19', '01.09.2023 02:42'), ('LECBUIR', '01.09.2023 02:42', '01.09.2023 03:21'), ('LECMUIR', '01.09.2023 03:21', '01.09.2023 03:32'), ('LECMFIR', '01.09.2023 03:32', '01.09.2023 03:45'), ('TAXI_IN', '01.09.2023 03:45', '01.09.2023 03:55')]"
264868052,"[('TAXI_OUT', '01.09.2023 00:16', '01.09.2023 00:26'), ('LTAAFIR', '01.09.2023 00:26', '01.09.2023 00:44'), ('LTBBFIR', '01.09.2023 00:44', '01.09.2023 01:17'), ('TAXI_IN', '01.09.2023 01:17', '01.09.2023 01:27')]"
264868053,"[('TAXI_OUT', '01.09.2023 00:06', '01.09.2023 00:31'), ('EDMMFIR', '01.09.2023 00:31', '01.09.2023 00:42'), ('EDUUUIR', '01.09.2023 00:42', '01.09.2023 00:44'), ('EDVVUIR', '01.09.2023 00:44', '01.09.2023 01:11'), ('EHAAFIR', '01.09.2023 01:11', '01.09.2023 01:32'), ('EGTTUIR', '01.09.2023 01:32', '01.09.2023 01:48'), ('EGTTFIR', '01.09.2023 01:48', '01.09.2023 02:07'), ('TAXI_IN', '01.09.2023 02:07', '01.09.2023 02:17')]"
264868054,"[('TAXI_OUT', '31.08.2023 23:58', '01.09.2023 00:08'), ('EPWWFIR', '01.09.2023 00:08', '01.09.2023 00:21'), ('LZBBFIR', '01.09.2023 00:21', '01.09.2023 00:29'), ('LHCCFIR', '01.09.2023 00:29', '01.09.2023 00:38'), ('LRBBFIR', '01.09.2023 00:38', '01.09.2023 01:13'), ('LBSRFIR', '01.09.2023 01:13', '01.09.2023 01:34'), ('TAXI_IN', '01.09.2023 01:34', '01.09.2023 01:44')]"
264868055,"[('TAXI_OUT', '01.09.2023 00:26', '01.09.2023 00:36'), ('GMMMFIR', '01.09.2023 00:36', '01.09.2023 00:45'), ('GMMMUIR', '01.09.2023 00:45', '01.09.2023 01:02'), ('LECMUIR', '01.09.2023 01:02', '01.09.2023 01:30'), ('LECBUIR', '01.09.2023 01:30', '01.09.2023 02:08'), ('LFFFUIR', '01.09.2023 02:08', '01.09.2023 02:28'), ('LIRRUIR', '01.09.2023 02:28', '01.09.2023 03:34'), ('LMMMUIR', '01.09.2023 03:34', '01.09.2023 03:51'), ('LGGGUIR', '01.09.2023 03:51', '01.09.2023 04:42'), ('HECCFIR', '01.09.2023 04:42', '01.09.2023 05:33'), ('TAXI_IN', '01.09.2023 05:33', '01.09.2023 05:43')]"
264868056,"[('TAXI_OUT', '01.09.2023 00:18', '01.09.2023 00:23'), ('ESAAFIR', '01.09.2023 00:23', '01.09.2023 00:56'), ('ENORFIR', '01.09.2023 00:56', '01.09.2023 01:09'), ('TAXI_IN', '01.09.2023 01:09', '01.09.2023 01:19')]"
264868057,"[('TAXI_OUT', '01.09.2023 00:16', '01.09.2023 00:26'), ('LTAAFIR', '01.09.2023 00:26', '01.09.2023 01:10'), ('LTBBFIR', '01.09.2023 01:10', '01.09.2023 01:15'), ('LBSRFIR', '01.09.2023 01:15', '01.09.2023 01:30'), ('LRBBFIR', '01.09.2023 01:30', '01.09.2023 01:34'), ('LBSRFIR', '01.09.2023 01:34', '01.09.2023 01:34'), ('LRBBFIR', '01.09.2023 01:34', '01.09.2023 02:22'), ('LHCCFIR', '01.09.2023 02:22', '01.09.2023 02:52'), ('LOVVFIR', '01.09.2023 02:52', '01.09.2023 03:12'), ('LKAAFIR', '01.09.2023 03:12', '01.09.2023 03:13'), ('LOVVFIR', '01.09.2023 03:13', '01.09.2023 03:15'), ('EDUUUIR', '01.09.2023 03:15', '01.09.2023 03:55'), ('EDGGFIR', '01.09.2023 03:55', '01.09.2023 04:12'), ('TAXI_IN', '01.09.2023 04:12', '01.09.2023 04:22')]"
264868058,"[('TAXI_OUT', '01.09.2023 00:04', '01.09.2023 00:26'), ('EDGGFIR', '01.09.2023 00:26', '01.09.2023 00:35'), ('EDVVUIR', '01.09.2023 00:35', '01.09.2023 01:00'), ('EDUUUIR', '01.09.2023 01:00', '01.09.2023 01:06'), ('EDVVUIR', '01.09.2023 01:06', '01.09.2023 01:08'), ('EDWWFIR', '01.09.2023 01:08', '01.09.2023 01:08'), ('EKDKFIR', '01.09.2023 01:08', '01.09.2023 01:25'), ('TAXI_IN', '01.09.2023 01:25', '01.09.2023 01:35')]"
264868059,"[('TAXI_OUT', '01.09.2023 00:38', '01.09.2023 00:48'), ('DAAAFIR', '01.09.2023 00:48', '01.09.2023 01:24'), ('DTTCUIR', '01.09.2023 01:24', '01.09.2023 01:43'), ('LMMMUIR', '01.09.2023 01:43', '01.09.2023 02:12'), ('LIRRUIR', '01.09.2023 02:12', '01.09.2023 02:26'), ('LIBBUIR', '01.09.2023 02:26', '01.09.2023 02:37'), ('LGGGUIR', '01.09.2023 02:37', '01.09.2023 03:21'), ('LGGGFIR', '01.09.2023 03:21', '01.09.2023 03:21'), ('LTBBFIR', '01.09.2023 03:21', '01.09.2023 03:46'), ('TAXI_IN', '01.09.2023 03:46', '01.09.2023 03:56')]"
264868060,"[('TAXI_OUT', '01.09.2023 00:08', '01.09.2023 00:43'), ('KZNYFIR', '01.09.2023 00:43', '01.09.2023 00:47'), ('KZBWFIR', '01.09.2023 00:47', '01.09.2023 00:51'), ('KZBWUIR', '01.09.2023 00:51', '01.09.2023 01:25'), ('CZQMFIR', '01.09.2023 01:25', '01.09.2023 02:11'), ('CZQXFIR', '01.09.2023 02:11', '01.09.2023 04:15'), ('EGGXFIR', '01.09.2023 04:15', '01.09.2023 06:01'), ('EGTTUIR', '01.09.2023 06:01', '01.09.2023 06:04'), ('LFFFUIR', '01.09.2023 06:04', '01.09.2023 07:20'), ('LIMMUIR', '01.09.2023 07:20', '01.09.2023 07:45'), ('LIRRUIR', '01.09.2023 07:45', '01.09.2023 08:00'), ('LIBBUIR', '01.09.2023 08:00', '01.09.2023 08:39'), ('LGGGUIR', '01.09.2023 08:39', '01.09.2023 09:03'), ('LGGGFIR', '01.09.2023 09:03', '01.09.2023 09:23'), ('TAXI_IN', '01.09.2023 09:23', '01.09.2023 09:33')]"
264868061,"[('TAXI_OUT', '01.09.2023 00:30', '01.09.2023 00:55'), ('KZNYFIR', '01.09.2023 00:55', '01.09.2023 00:59'), ('KZBWFIR', '01.09.2023 00:59', '01.09.2023 01:05'), ('KZBWUIR', '01.09.2023 01:05', '01.09.2023 01:42'), ('CZQMFIR', '01.09.2023 01:42', '01.09.2023 02:30'), ('CZQXFIR', '01.09.2023 02:30', '01.09.2023 04:32'), ('EGGXFIR', '01.09.2023 04:32', '01.09.2023 06:22'), ('EGTTUIR', '01.09.2023 06:22', '01.09.2023 07:08'), ('EGTTFIR', '01.09.2023 07:08', '01.09.2023 07:08'), ('EGPXFIR', '01.09.2023 07:08', '01.09.2023 07:26'), ('TAXI_IN', '01.09.2023 07:26', '01.09.2023 07:36')]"
264868062,"[('TAXI_OUT', '01.09.2023 00:10', '01.09.2023 00:20'), ('UGGGFIR', '01.09.2023 00:20', '01.09.2023 00:32'), ('UGGGUIR', '01.09.2023 00:32', '01.09.2023 00:51'), ('LTAAFIR', '01.09.2023 00:51', '01.09.2023 01:53'), ('LTBBFIR', '01.09.2023 01:53', '01.09.2023 01:56'), ('LBSRFIR', '01.09.2023 01:56', '01.09.2023 02:10'), ('LRBBFIR', '01.09.2023 02:10', '01.09.2023 02:59'), ('LHCCFIR', '01.09.2023 02:59', '01.09.2023 03:15'), ('LZBBFIR', '01.09.2023 03:15', '01.09.2023 03:28'), ('LKAAFIR', '01.09.2023 03:28', '01.09.2023 04:02'), ('EDUUUIR', '01.09.2023 04:02', '01.09.2023 04:11'), ('EDMMFIR', '01.09.2023 04:11', '01.09.2023 04:13'), ('EDGGFIR', '01.09.2023 04:13', '01.09.2023 04:30'), ('TAXI_IN', '01.09.2023 04:30', '01.09.2023 04:40')]"
264868063,"[('TAXI_OUT', '01.09.2023 00:23', '01.09.2023 00:39'), ('LTBBFIR', '01.09.2023 00:39', '01.09.2023 01:13'), ('LTAAFIR', '01.09.2023 01:13', '01.09.2023 01:15'), ('LTBBFIR', '01.09.2023 01:15', '01.09.2023 01:24'), ('TAXI_IN', '01.09.2023 01:24', '01.09.2023 01:34')]"
264868064,"[('TAXI_OUT', '01.09.2023 00:26', '01.09.2023 00:36'), ('BIRDFIR', '01.09.2023 00:36', '01.09.2023 01:30'), ('EGPXUIR', '01.09.2023 01:30', '01.09.2023 02:39'), ('EKDKFIR', '01.09.2023 02:39', '01.09.2023 02:56'), ('EDVVUIR', '01.09.2023 02:56', '01.09.2023 03:16'), ('EDUUUIR', '01.09.2023 03:16', '01.09.2023 03:36'), ('LKAAFIR', '01.09.2023 03:36', '01.09.2023 03:37'), ('EDUUUIR', '01.09.2023 03:37', '01.09.2023 03:37'), ('LKAAFIR', '01.09.2023 03:37', '01.09.2023 03:57'), ('LOVVFIR', '01.09.2023 03:57', '01.09.2023 04:09'), ('TAXI_IN', '01.09.2023 04:09', '01.09.2023 04:19')]"
264868065,"[('TAXI_OUT', '01.09.2023 00:03', '01.09.2023 00:13'), ('UUWVFIR', '01.09.2023 00:13', '01.09.2023 00:48'), ('UWWWFIR', '01.09.2023 00:48', '01.09.2023 01:09'), ('URRVFIR', '01.09.2023 01:09', '01.09.2023 02:39'), ('UGGGUIR', '01.09.2023 02:39', '01.09.2023 03:00'), ('LTAAFIR', '01.09.2023 03:00', '01.09.2023 04:45'), ('TAXI_IN', '01.09.2023 04:45', '01.09.2023 04:55')]"
264868066,"[('TAXI_OUT', '01.09.2023 01:14', '01.09.2023 01:24'), ('KZTLFIR', '01.09.2023 01:24', '01.09.2023 01:34'), ('KZTLUIR', '01.09.2023 01:34', '01.09.2023 01:56'), ('KZIDUIR', '01.09.2023 01:56', '01.09.2023 02:07'), ('KZDCUIR', '01.09.2023 02:07', '01.09.2023 02:26'), ('KZNYUIR', '01.09.2023 02:26', '01.09.2023 02:45'), ('KZBWUIR', '01.09.2023 02:45', '01.09.2023 03:29'), ('CZQMFIR', '01.09.2023 03:29', '01.09.2023 04:02'), ('CZQXFIR', '01.09.2023 04:02', '01.09.2023 06:05'), ('EGGXFIR', '01.09.2023 06:05', '01.09.2023 07:04'), ('EISNUIR', '01.09.2023 07:04', '01.09.2023 07:45'), ('EGTTUIR', '01.09.2023 07:45', '01.09.2023 08:20'), ('EGTTFIR', '01.09.2023 08:20', '01.09.2023 08:22'), ('EHAAFIR', '01.09.2023 08:22', '01.09.2023 08:41'), ('TAXI_IN', '01.09.2023 08:41', '01.09.2023 08:51')]"
264868067,"[('TAXI_OUT', '01.09.2023 00:25', '01.09.2023 00:35'), ('KZMAFIR', '01.09.2023 00:35', '01.09.2023 01:25'), ('KZJXUIR', '01.09.2023 01:25', '01.09.2023 01:50'), ('KZDCUIR', '01.09.2023 01:50', '01.09.2023 02:39'), ('KZBWUIR', '01.09.2023 02:39', '01.09.2023 03:20'), ('CZQMFIR', '01.09.2023 03:20', '01.09.2023 04:01'), ('CZQXFIR', '01.09.2023 04:01', '01.09.2023 06:08'), ('EGGXFIR', '01.09.2023 06:08', '01.09.2023 07:14'), ('EISNUIR', '01.09.2023 07:14', '01.09.2023 07:54'), ('EGTTUIR', '01.09.2023 07:54', '01.09.2023 08:12'), ('EGTTFIR', '01.09.2023 08:12', '01.09.2023 08:40'), ('TAXI_IN', '01.09.2023 08:40', '01.09.2023 08:50')]"
264868068,"[('TAXI_OUT', '01.09.2023 00:10', '01.09.2023 00:30'), ('LIMMFIR', '01.09.2023 00:30', '01.09.2023 00:37'), ('LIMMUIR', '01.09.2023 00:37', '01.09.2023 00:44'), ('LFFFUIR', '01.09.2023 00:44', '01.09.2023 01:40'), ('LECMUIR', '01.09.2023 01:40', '01.09.2023 01:45'), ('LECMFIR', '01.09.2023 01:45', '01.09.2023 02:03'), ('TAXI_IN', '01.09.2023 02:03', '01.09.2023 02:13')]"
264868069,"[('TAXI_OUT', '01.09.2023 00:31', '01.09.2023 00:46'), ('UGGGFIR', '01.09.2023 00:46', '01.09.2023 00:58'), ('UGGGUIR', '01.09.2023 00:58', '01.09.2023 01:17'), ('LTAAFIR', '01.09.2023 01:17', '01.09.2023 02:21'), ('LTBBFIR', '01.09.2023 02:21', '01.09.2023 02:26'), ('LBSRFIR', '01.09.2023 02:26', '01.09.2023 02:38'), ('LRBBFIR', '01.09.2023 02:38', '01.09.2023 03:29'), ('LHCCFIR', '01.09.2023 03:29', '01.09.2023 03:35'), ('LZBBFIR', '01.09.2023 03:35', '01.09.2023 03:44'), ('EPWWFIR', '01.09.2023 03:44', '01.09.2023 04:14'), ('TAXI_IN', '01.09.2023 04:14', '01.09.2023 04:24')]"
264868070,"[('TAXI_OUT', '01.09.2023 00:35', '01.09.2023 01:00'), ('KZAUFIR', '01.09.2023 01:00', '01.09.2023 01:08'), ('KZAUUIR', '01.09.2023 01:08', '01.09.2023 01:20'), ('KZOBUIR', '01.09.2023 01:20', '01.09.2023 01:31'), ('CZYZFIR', '01.09.2023 01:31', '01.09.2023 01:49'), ('KZOBUIR', '01.09.2023 01:49', '01.09.2023 02:03'), ('KZBWUIR', '01.09.2023 02:03', '01.09.2023 02:51'), ('CZQMFIR', '01.09.2023 02:51', '01.09.2023 03:27'), ('CZQXFIR', '01.09.2023 03:27', '01.09.2023 05:29'), ('EGGXFIR', '01.09.2023 05:29', '01.09.2023 06:31'), ('EISNUIR', '01.09.2023 06:31', '01.09.2023 07:06'), ('EGTTUIR', '01.09.2023 07:06', '01.09.2023 07:25'), ('LFFFUIR', '01.09.2023 07:25', '01.09.2023 08:22'), ('LFEEFIR', '01.09.2023 08:22', '01.09.2023 08:23'), ('EDGGFIR', '01.09.2023 08:23', '01.09.2023 08:24'), ('LSASFIR', '01.09.2023 08:24', '01.09.2023 08:44'), ('TAXI_IN', '01.09.2023 08:44', '01.09.2023 08:54')]"
264868071,"[('TAXI_OUT', '01.09.2023 00:43', '01.09.2023 00:53'), ('KZLAFIR', '01.09.2023 00:53', '01.09.2023 01:06'), ('KZLAUIR', '01.09.2023 01:06', '01.09.2023 01:42'), ('KZLCUIR', '01.09.2023 01:42', '01.09.2023 02:34'), ('KZDVUIR', '01.09.2023 02:34', '01.09.2023 02:50'), ('KZLCUIR', '01.09.2023 02:50', '01.09.2023 03:03'), ('KZMPUIR', '01.09.2023 03:03', '01.09.2023 03:29'), ('CZWGFIR', '01.09.2023 03:29', '01.09.2023 05:07'), ('CZULFIR', '01.09.2023 05:07', '01.09.2023 06:13'), ('CZQXFIR', '01.09.2023 06:13', '01.09.2023 06:45'), ('BGGLFIR', '01.09.2023 06:45', '01.09.2023 07:31'), ('CZQXFIR', '01.09.2023 07:31', '01.09.2023 07:37'), ('BIRDFIR', '01.09.2023 07:37', '01.09.2023 08:31'), ('EGGXFIR', '01.09.2023 08:31', '01.09.2023 09:10'), ('EGPXUIR', '01.09.2023 09:10', '01.09.2023 09:47'), ('EGTTUIR', '01.09.2023 09:47', '01.09.2023 10:15'), ('EHAAFIR', '01.09.2023 10:15', '01.09.2023 10:32'), ('EDVVUIR', '01.09.2023 10:32', '01.09.2023 10:40'), ('EDUUUIR', '01.09.2023 10:40', '01.09.2023 10:57'), ('EDMMFIR', '01.09.2023 10:57', '01.09.2023 11:18'), ('TAXI_IN', '01.09.2023 11:18', '01.09.2023 11:28')]"
264868072,"[('TAXI_OUT', '01.09.2023 00:26', '01.09.2023 00:26'), ('UCFMFIR', '01.09.2023 00:26', '01.09.2023 00:37'), ('UAIIFIR', '01.09.2023 00:37', '01.09.2023 01:29'), ('UTTRFIR', '01.09.2023 01:29', '01.09.2023 02:07'), ('UTATFIR', '01.09.2023 02:07', '01.09.2023 02:31'), ('UTAKFIR', '01.09.2023 02:31', '01.09.2023 03:05'), ('UBBAFIR', '01.09.2023 03:05', '01.09.2023 03:37'), ('UGGGUIR', '01.09.2023 03:37', '01.09.2023 04:12'), ('LTAAFIR', '01.09.2023 04:12', '01.09.2023 05:19'), ('LTBBFIR', '01.09.2023 05:19', '01.09.2023 05:49'), ('TAXI_IN', '01.09.2023 05:49', '01.09.2023 05:59')]"
264868073,"[('TAXI_OUT', '01.09.2023 00:02', '01.09.2023 00:18'), ('LTAAFIR', '01.09.2023 00:18', '01.09.2023 01:21'), ('LTBBFIR', '01.09.2023 01:21', '01.09.2023 01:25'), ('LBSRFIR', '01.09.2023 01:25', '01.09.2023 01:39'), ('LRBBFIR', '01.09.2023 01:39', '01.09.2023 01:43'), ('LBSRFIR', '01.09.2023 01:43', '01.09.2023 01:44'), ('LRBBFIR', '01.09.2023 01:44', '01.09.2023 02:30'), ('LHCCFIR', '01.09.2023 02:30', '01.09.2023 02:59'), ('LOVVFIR', '01.09.2023 02:59', '01.09.2023 03:18'), ('LKAAFIR', '01.09.2023 03:18', '01.09.2023 03:20'), ('LOVVFIR', '01.09.2023 03:20', '01.09.2023 03:22'), ('EDUUUIR', '01.09.2023 03:22', '01.09.2023 03:55'), ('EDGGFIR', '01.09.2023 03:55', '01.09.2023 04:15'), ('TAXI_IN', '01.09.2023 04:15', '01.09.2023 04:25')]"
264868074,"[('TAXI_OUT', '01.09.2023 00:17', '01.09.2023 00:32'), ('HECCFIR', '01.09.2023 00:32', '01.09.2023 01:19'), ('LGGGUIR', '01.09.2023 01:19', '01.09.2023 02:19'), ('LAAAFIR', '01.09.2023 02:19', '01.09.2023 02:33'), ('LYBAUIR', '01.09.2023 02:33', '01.09.2023 02:38'), ('LDZOFIR', '01.09.2023 02:38', '01.09.2023 03:13'), ('LIMMUIR', '01.09.2023 03:13', '01.09.2023 03:49'), ('LSASUIR', '01.09.2023 03:49', '01.09.2023 03:59'), ('LFFFUIR', '01.09.2023 03:59', '01.09.2023 04:16'), ('LFFFFIR', '01.09.2023 04:16', '01.09.2023 04:39'), ('TAXI_IN', '01.09.2023 04:39', '01.09.2023 04:49')]"
264868075,"[('TAXI_OUT', '01.09.2023 00:31', '01.09.2023 00:41'), ('GMMMFIR', '01.09.2023 00:41', '01.09.2023 00:51'), ('GMMMUIR', '01.09.2023 00:51', '01.09.2023 01:31'), ('GOOOUIR', '01.09.2023 01:31', '01.09.2023 03:01'), ('DRRRUIR', '01.09.2023 03:01', '01.09.2023 03:51'), ('DGACFIR', '01.09.2023 03:51', '01.09.2023 04:39'), ('TAXI_IN', '01.09.2023 04:39', '01.09.2023 04:49')]"
264868076,"[('TAXI_OUT', '01.09.2023 00:23', '01.09.2023 00:33'), ('EDGGFIR', '01.09.2023 00:33', '01.09.2023 00:45'), ('EDUUUIR', '01.09.2023 00:45', '01.09.2023 01:10'), ('LOVVFIR', '01.09.2023 01:10', '01.09.2023 01:27'), ('LHCCFIR', '01.09.2023 01:27', '01.09.2023 01:41'), ('LDZOFIR', '01.09.2023 01:41', '01.09.2023 01:45'), ('LYBAUIR', '01.09.2023 01:45', '01.09.2023 01:46'), ('LDZOFIR', '01.09.2023 01:46', '01.09.2023 01:48'), ('LYBAUIR', '01.09.2023 01:48', '01.09.2023 02:13'), ('LBSRFIR', '01.09.2023 02:13', '01.09.2023 02:29'), ('LGGGUIR', '01.09.2023 02:29', '01.09.2023 02:38'), ('LTBBFIR', '01.09.2023 02:38', '01.09.2023 03:12'), ('LTAAFIR', '01.09.2023 03:12', '01.09.2023 03:27'), ('TAXI_IN', '01.09.2023 03:27', '01.09.2023 03:37')]"
264868077,"[('TAXI_OUT', '01.09.2023 01:33', '01.09.2023 01:33'), ('CZULFIR', '01.09.2023 01:33', '01.09.2023 01:59'), ('KZBWUIR', '01.09.2023 01:59', '01.09.2023 02:12'), ('CZQMFIR', '01.09.2023 02:12', '01.09.2023 02:45'), ('CZQXFIR', '01.09.2023 02:45', '01.09.2023 04:56'), ('EGGXFIR', '01.09.2023 04:56', '01.09.2023 06:41'), ('EGTTUIR', '01.09.2023 06:41', '01.09.2023 06:45'), ('LFFFUIR', '01.09.2023 06:45', '01.09.2023 07:53'), ('LFMMFIR', '01.09.2023 07:53', '01.09.2023 08:13'), ('TAXI_IN', '01.09.2023 08:13', '01.09.2023 08:23')]"
264868078,"[('TAXI_OUT', '01.09.2023 00:41', '01.09.2023 00:51'), ('GMMMFIR', '01.09.2023 00:51', '01.09.2023 01:04'), ('GMMMUIR', '01.09.2023 01:04', '01.09.2023 01:14'), ('LECMUIR', '01.09.2023 01:14', '01.09.2023 02:15'), ('LFFFUIR', '01.09.2023 02:15', '01.09.2023 02:59'), ('LSASUIR', '01.09.2023 02:59', '01.09.2023 03:10'), ('EDUUUIR', '01.09.2023 03:10', '01.09.2023 03:22'), ('EDGGFIR', '01.09.2023 03:22', '01.09.2023 03:43'), ('TAXI_IN', '01.09.2023 03:43', '01.09.2023 03:53')]"
264868079,"[('TAXI_OUT', '31.08.2023 23:57', '01.09.2023 00:07'), ('TJZSFIR', '01.09.2023 00:07', '01.09.2023 00:50'), ('KZWYFIR', '01.09.2023 00:50', '01.09.2023 03:35'), ('LPPOFIR', '01.09.2023 03:35', '01.09.2023 06:26'), ('LPPCFIR', '01.09.2023 06:26', '01.09.2023 07:18'), ('LECMUIR', '01.09.2023 07:18', '01.09.2023 07:33'), ('LECMFIR', '01.09.2023 07:33', '01.09.2023 07:49'), ('TAXI_IN', '01.09.2023 07:49', '01.09.2023 07:59')]"
264868080,"[('TAXI_OUT', '01.09.2023 00:12', '01.09.2023 00:47'), ('KZNYFIR', '01.09.2023 00:47', '01.09.2023 00:52'), ('KZBWFIR', '01.09.2023 00:52', '01.09.2023 00:56'), ('KZBWUIR', '01.09.2023 00:56', '01.09.2023 01:40'), ('CZQMFIR', '01.09.2023 01:40', '01.09.2023 01:40'), ('KZBWUIR', '01.09.2023 01:40', '01.09.2023 01:40'), ('CZQMFIR', '01.09.2023 01:40', '01.09.2023 02:09'), ('CZULFIR', '01.09.2023 02:09', '01.09.2023 02:19'), ('CZQXFIR', '01.09.2023 02:19', '01.09.2023 02:30'), ('CZULFIR', '01.09.2023 02:30', '01.09.2023 02:43'), ('CZQXFIR', '01.09.2023 02:43', '01.09.2023 04:27'), ('EGGXFIR', '01.09.2023 04:27', '01.09.2023 05:46'), ('EGPXUIR', '01.09.2023 05:46', '01.09.2023 05:53'), ('EISNUIR', '01.09.2023 05:53', '01.09.2023 05:58'), ('EGPXUIR', '01.09.2023 05:58', '01.09.2023 06:07'), ('EGTTUIR', '01.09.2023 06:07', '01.09.2023 06:46'), ('EHAAFIR', '01.09.2023 06:46', '01.09.2023 07:03'), ('EDVVUIR', '01.09.2023 07:03', '01.09.2023 07:18'), ('EDUUUIR', '01.09.2023 07:18', '01.09.2023 07:42'), ('LOVVFIR', '01.09.2023 07:42', '01.09.2023 07:57'), ('LHCCFIR', '01.09.2023 07:57', '01.09.2023 08:12'), ('LYBAFIR', '01.09.2023 08:12', '01.09.2023 08:30'), ('TAXI_IN', '01.09.2023 08:30', '01.09.2023 08:40')]"
264868081,"[('TAXI_OUT', '01.09.2023 00:07', '01.09.2023 00:17'), ('GCCCFIR', '01.09.2023 00:17', '01.09.2023 00:28'), ('GCCCUIRN', '01.09.2023 00:28', '01.09.2023 00:47'), ('GMMMUIR', '01.09.2023 00:47', '01.09.2023 01:27'), ('LPPCFIR', '01.09.2023 01:27', '01.09.2023 02:17'), ('LECMUIR', '01.09.2023 02:17', '01.09.2023 02:38'), ('LFFFUIR', '01.09.2023 02:38', '01.09.2023 03:15'), ('EGTTUIR', '01.09.2023 03:15', '01.09.2023 03:20'), ('EGTTFIR', '01.09.2023 03:20', '01.09.2023 03:38'), ('TAXI_IN', '01.09.2023 03:38', '01.09.2023 03:48')]"
264868082,"[('TAXI_OUT', '01.09.2023 00:14', '01.09.2023 00:36'), ('EDGGFIR', '01.09.2023 00:36', '01.09.2023 00:46'), ('EBURUIR', '01.09.2023 00:46', '01.09.2023 00:56'), ('LFFFUIR', '01.09.2023 00:56', '01.09.2023 02:10'), ('LECMUIR', '01.09.2023 02:10', '01.09.2023 02:30'), ('LECMFIR', '01.09.2023 02:30', '01.09.2023 02:51'), ('TAXI_IN', '01.09.2023 02:51', '01.09.2023 03:01')]"
264868083,"[('TAXI_OUT', '01.09.2023 00:16', '01.09.2023 00:31'), ('EPWWFIR', '01.09.2023 00:31', '01.09.2023 01:02'), ('LZBBFIR', '01.09.2023 01:02', '01.09.2023 01:03'), ('EPWWFIR', '01.09.2023 01:03', '01.09.2023 01:04'), ('LZBBFIR', '01.09.2023 01:04', '01.09.2023 01:10'), ('LHCCFIR', '01.09.2023 01:10', '01.09.2023 01:22'), ('LRBBFIR', '01.09.2023 01:22', '01.09.2023 01:53'), ('LBSRFIR', '01.09.2023 01:53', '01.09.2023 02:12'), ('LTBBFIR', '01.09.2023 02:12', '01.09.2023 02:55'), ('LTAAFIR', '01.09.2023 02:55', '01.09.2023 03:13'), ('TAXI_IN', '01.09.2023 03:13', '01.09.2023 03:23')]"
264868084,"[('TAXI_OUT', '01.09.2023 00:25', '01.09.2023 00:35'), ('KZLAFIR', '01.09.2023 00:35', '01.09.2023 00:46'), ('KZLAUIR', '01.09.2023 00:46', '01.09.2023 01:25'), ('KZLCUIR', '01.09.2023 01:25', '01.09.2023 02:28'), ('KZDVUIR', '01.09.2023 02:28', '01.09.2023 02:33'), ('KZLCUIR', '01.09.2023 02:33', '01.09.2023 02:47'), ('KZMPUIR', '01.09.2023 02:47', '01.09.2023 03:10'), ('CZWGFIR', '01.09.2023 03:10', '01.09.2023 04:45'), ('CZULFIR', '01.09.2023 04:45', '01.09.2023 05:56'), ('CZQXFIR', '01.09.2023 05:56', '01.09.2023 06:28'), ('BGGLFIR', '01.09.2023 06:28', '01.09.2023 07:08'), ('CZQXFIR', '01.09.2023 07:08', '01.09.2023 07:43'), ('EGGXFIR', '01.09.2023 07:43', '01.09.2023 08:55'), ('EGPXUIR', '01.09.2023 08:55', '01.09.2023 09:34'), ('EGTTUIR', '01.09.2023 09:34', '01.09.2023 09:57'), ('EHAAFIR', '01.09.2023 09:57', '01.09.2023 10:12'), ('EDVVUIR', '01.09.2023 10:12', '01.09.2023 10:22'), ('EDUUUIR', '01.09.2023 10:22', '01.09.2023 10:40'), ('EDMMFIR', '01.09.2023 10:40', '01.09.2023 10:59'), ('TAXI_IN', '01.09.2023 10:59', '01.09.2023 11:09')]"
264868085,"[('TAXI_OUT', '01.09.2023 00:18', '01.09.2023 00:28'), ('KZLAFIR', '01.09.2023 00:28', '01.09.2023 00:34'), ('KZLAUIR', '01.09.2023 00:34', '01.09.2023 01:11'), ('KZLCUIR', '01.09.2023 01:11', '01.09.2023 01:59'), ('KZDVUIR', '01.09.2023 01:59', '01.09.2023 02:27'), ('KZMPUIR', '01.09.2023 02:27', '01.09.2023 03:15'), ('CZWGFIR', '01.09.2023 03:15', '01.09.2023 04:45'), ('CZULFIR', '01.09.2023 04:45', '01.09.2023 06:09'), ('CZEGFIR', '01.09.2023 06:09', '01.09.2023 06:16'), ('BGGLFIR', '01.09.2023 06:16', '01.09.2023 07:36'), ('BIRDFIR', '01.09.2023 07:36', '01.09.2023 08:49'), ('EGPXUIR', '01.09.2023 08:49', '01.09.2023 09:38'), ('EGTTUIR', '01.09.2023 09:38', '01.09.2023 10:00'), ('EGTTFIR', '01.09.2023 10:00', '01.09.2023 10:24'), ('TAXI_IN', '01.09.2023 10:24', '01.09.2023 10:34')]"
264868086,"[('TAXI_OUT', '01.09.2023 00:24', '01.09.2023 00:52'), ('KZNYFIR', '01.09.2023 00:52', '01.09.2023 00:56'), ('KZBWFIR', '01.09.2023 00:56', '01.09.2023 01:00'), ('KZBWUIR', '01.09.2023 01:00', '01.09.2023 01:32'), ('CZQMFIR', '01.09.2023 01:32', '01.09.2023 02:22'), ('CZQXFIR', '01.09.2023 02:22', '01.09.2023 04:25'), ('EGGXFIR', '01.09.2023 04:25', '01.09.2023 06:10'), ('EGTTUIR', '01.09.2023 06:10', '01.09.2023 06:22'), ('LFFFUIR', '01.09.2023 06:22', '01.09.2023 07:24'), ('EDUUUIR', '01.09.2023 07:24', '01.09.2023 07:25'), ('LSASUIR', '01.09.2023 07:25', '01.09.2023 07:35'), ('LIMMUIR', '01.09.2023 07:35', '01.09.2023 07:35'), ('LSASUIR', '01.09.2023 07:35', '01.09.2023 07:36'), ('LIMMUIR', '01.09.2023 07:36', '01.09.2023 07:39'), ('LIMMFIR', '01.09.2023 07:39', '01.09.2023 07:55'), ('TAXI_IN', '01.09.2023 07:55', '01.09.2023 08:05')]"
264868087,"[('TAXI_OUT', '01.09.2023 00:26', '01.09.2023 00:49'), ('KZFWFIR', '01.09.2023 00:49', '01.09.2023 00:56'), ('KZFWUIR', '01.09.2023 00:56', '01.09.2023 01:15'), ('KZMEUIR', '01.09.2023 01:15', '01.09.2023 02:04'), ('KZIDUIR', '01.09.2023 02:04', '01.09.2023 02:34'), ('KZOBUIR', '01.09.2023 02:34', '01.09.2023 02:49'), ('KZNYUIR', '01.09.2023 02:49', '01.09.2023 03:07'), ('KZBWUIR', '01.09.2023 03:07', '01.09.2023 03:44'), ('CZQMFIR', '01.09.2023 03:44', '01.09.2023 04:29'), ('CZQXFIR', '01.09.2023 04:29', '01.09.2023 06:26'), ('EGGXFIR', '01.09.2023 06:26', '01.09.2023 08:07'), ('EGTTUIR', '01.09.2023 08:07', '01.09.2023 08:51'), ('EBURUIR', '01.09.2023 08:51', '01.09.2023 09:10'), ('EDVVUIR', '01.09.2023 09:10', '01.09.2023 09:11'), ('EDUUUIR', '01.09.2023 09:11', '01.09.2023 09:12'), ('EDGGFIR', '01.09.2023 09:12', '01.09.2023 09:34'), ('TAXI_IN', '01.09.2023 09:34', '01.09.2023 09:44')]"
264868088,"[('TAXI_OUT', '01.09.2023 00:12', '01.09.2023 00:23'), ('LDZOFIR', '01.09.2023 00:23', '01.09.2023 00:34'), ('LQSBUIR', '01.09.2023 00:34', '01.09.2023 00:36'), ('LDZOFIR', '01.09.2023 00:36', '01.09.2023 00:47'), ('LHCCFIR', '01.09.2023 00:47', '01.09.2023 01:00'), ('LZBBFIR', '01.09.2023 01:00', '01.09.2023 01:13'), ('LKAAFIR', '01.09.2023 01:13', '01.09.2023 01:21'), ('EPWWFIR', '01.09.2023 01:21', '01.09.2023 01:41'), ('TAXI_IN', '01.09.2023 01:41', '01.09.2023 01:51')]"
264868089,"[('TAXI_OUT', '01.09.2023 00:07', '01.09.2023 00:17'), ('BIRDFIR', '01.09.2023 00:17', '01.09.2023 01:11'), ('EGPXUIR', '01.09.2023 01:11', '01.09.2023 02:18'), ('EKDKFIR', '01.09.2023 02:18', '01.09.2023 02:53'), ('EDUUUIR', '01.09.2023 02:53', '01.09.2023 03:03'), ('EPWWFIR', '01.09.2023 03:03', '01.09.2023 03:46'), ('TAXI_IN', '01.09.2023 03:46', '01.09.2023 03:56')]"
264868090,"[('TAXI_OUT', '01.09.2023 00:32', '01.09.2023 00:47'), ('HECCFIR', '01.09.2023 00:47', '01.09.2023 01:44'), ('LCCCFIR', '01.09.2023 01:44', '01.09.2023 01:55'), ('LGGGUIR', '01.09.2023 01:55', '01.09.2023 03:11'), ('LBSRFIR', '01.09.2023 03:11', '01.09.2023 03:25'), ('LYBAUIR', '01.09.2023 03:25', '01.09.2023 03:42'), ('LRBBFIR', '01.09.2023 03:42', '01.09.2023 03:43'), ('LYBAUIR', '01.09.2023 03:43', '01.09.2023 03:44'), ('LRBBFIR', '01.09.2023 03:44', '01.09.2023 03:44'), ('LYBAUIR', '01.09.2023 03:44', '01.09.2023 03:46'), ('LRBBFIR', '01.09.2023 03:46', '01.09.2023 03:56'), ('LHCCFIR', '01.09.2023 03:56', '01.09.2023 04:20'), ('TAXI_IN', '01.09.2023 04:20', '01.09.2023 04:30')]"
264868091,"[('TAXI_OUT', '01.09.2023 00:08', '01.09.2023 00:18'), ('DTTCFIR', '01.09.2023 00:18', '01.09.2023 00:30'), ('LIRRUIR', '01.09.2023 00:30', '01.09.2023 00:32'), ('LMMMUIR', '01.09.2023 00:32', '01.09.2023 01:05'), ('HLLLFIR', '01.09.2023 01:05', '01.09.2023 01:43'), ('TAXI_IN', '01.09.2023 01:43', '01.09.2023 01:53')]"
264868092,"[('TAXI_OUT', '01.09.2023 00:24', '01.09.2023 00:34'), ('GMMMFIR', '01.09.2023 00:34', '01.09.2023 00:45'), ('GMMMUIR', '01.09.2023 00:45', '01.09.2023 01:25'), ('GOOOUIR', '01.09.2023 01:25', '01.09.2023 02:56'), ('DRRRUIR', '01.09.2023 02:56', '01.09.2023 03:49'), ('DGACFIR', '01.09.2023 03:49', '01.09.2023 04:28'), ('DNKKFIR', '01.09.2023 04:28', '01.09.2023 04:42'), ('TAXI_IN', '01.09.2023 04:42', '01.09.2023 04:52')]"
